#
# There is insufficient memory for the Java Runtime Environment to continue.
# Native memory allocation (mmap) failed to map 1048576 bytes. Error detail: G1 virtual space
# Possible reasons:
#   The system is out of physical RAM or swap space
#   This process is running with CompressedOops enabled, and the Java Heap may be blocking the growth of the native heap
# Possible solutions:
#   Reduce memory load on the system
#   Increase physical memory or swap space
#   Check if swap backing store is full
#   Decrease Java heap size (-Xmx/-Xms)
#   Decrease number of Java threads
#   Decrease Java thread stack sizes (-Xss)
#   Set larger code cache with -XX:ReservedCodeCacheSize=
#   JVM is running with Unscaled Compressed Oops mode in which the Java heap is
#     placed in the first 4GB address space. The Java Heap base address is the
#     maximum limit for the native heap growth. Please use -XX:HeapBaseMinAddress
#     to set the Java Heap base and to place the Java Heap above 4GB virtual address.
# This output file may be truncated or incomplete.
#
#  Out of Memory Error (os_windows.cpp:3710), pid=1784, tid=26476
#
# JRE version: OpenJDK Runtime Environment Microsoft-10800295 (17.0.14+7) (build 17.0.14+7-LTS)
# Java VM: OpenJDK 64-Bit Server VM Microsoft-10800295 (17.0.14+7-LTS, mixed mode, sharing, tiered, compressed oops, compressed class ptrs, g1 gc, windows-amd64)
# No core dump will be written. Minidumps are not enabled by default on client versions of Windows
#

---------------  S U M M A R Y ------------

Command Line: --add-opens=java.base/java.lang=ALL-UNNAMED --add-opens=java.base/java.lang.invoke=ALL-UNNAMED --add-opens=java.base/java.util=ALL-UNNAMED --add-opens=java.prefs/java.util.prefs=ALL-UNNAMED --add-exports=jdk.compiler/com.sun.tools.javac.api=ALL-UNNAMED --add-exports=jdk.compiler/com.sun.tools.javac.util=ALL-UNNAMED --add-opens=java.base/java.util=ALL-UNNAMED --add-opens=java.prefs/java.util.prefs=ALL-UNNAMED --add-opens=java.base/java.nio.charset=ALL-UNNAMED --add-opens=java.base/java.net=ALL-UNNAMED --add-opens=java.base/java.util.concurrent.atomic=ALL-UNNAMED --add-opens=java.xml/javax.xml.namespace=ALL-UNNAMED -XX:MaxMetaspaceSize=512m -Xmx2048m -Dfile.encoding=windows-1252 -Duser.country=PH -Duser.language=en -Duser.variant -javaagent:C:\Users\Nico\.gradle\wrapper\dists\gradle-8.13-bin\5xuhj0ry160q40clulazy9h7d\gradle-8.13\lib\agents\gradle-instrumentation-agent-8.13.jar org.gradle.launcher.daemon.bootstrap.GradleDaemon 8.13

Host: 13th Gen Intel(R) Core(TM) i5-13420H, 12 cores, 7G,  Windows 11 , 64 bit Build 26100 (10.0.26100.3912)
Time: Thu May 29 14:06:33 2025 Malay Peninsula Standard Time elapsed time: 121.581446 seconds (0d 0h 2m 1s)

---------------  T H R E A D  ---------------

Current thread (0x00000166784be6e0):  JavaThread "ForkJoinPool.commonPool-worker-5" daemon [_thread_in_vm, id=26476, stack(0x0000000106700000,0x0000000106800000)]

Stack: [0x0000000106700000,0x0000000106800000]
Native frames: (J=compiled Java code, j=interpreted, Vv=VM code, C=native code)
V  [jvm.dll+0x6886b9]
V  [jvm.dll+0x83f6f8]
V  [jvm.dll+0x8411a3]
V  [jvm.dll+0x841813]
V  [jvm.dll+0x2495cf]
V  [jvm.dll+0x6855f9]
V  [jvm.dll+0x679a8a]
V  [jvm.dll+0x30afc7]
V  [jvm.dll+0x312536]
V  [jvm.dll+0x362bcb]
V  [jvm.dll+0x363214]
V  [jvm.dll+0x362db6]
V  [jvm.dll+0x2e2764]
V  [jvm.dll+0x2de8d5]
V  [jvm.dll+0x61ab83]
V  [jvm.dll+0x212525]
V  [jvm.dll+0x809b46]
V  [jvm.dll+0x38918a]
C  0x000001665faab9b7

The last pc belongs to newarray (printed below).
Java frames: (J=compiled Java code, j=interpreted, Vv=VM code)
j  java.nio.file.Files.read(Ljava/io/InputStream;I)[B+3 java.base@17.0.14
j  java.nio.file.Files.readAllBytes(Ljava/nio/file/Path;)[B+57 java.base@17.0.14
j  org.gradle.internal.classpath.declarations.NioFileInterceptors.intercept_readAllBytes(Ljava/nio/file/Path;Ljava/lang/String;)[B+6
j  com.android.zipflinger.BytesSource.<init>(Ljava/nio/file/Path;Ljava/lang/String;I)V+8
j  com.android.zipflinger.Sources.from(Ljava/nio/file/Path;Ljava/lang/String;I)Lcom/android/zipflinger/Source;+29
j  com.android.zipflinger.Sources.from(Ljava/io/File;Ljava/lang/String;I)Lcom/android/zipflinger/Source;+6
j  com.android.builder.internal.packaging.ApkFlinger$writeFile$1.call()V+48
j  com.android.builder.internal.packaging.ApkFlinger$writeFile$1.call()Ljava/lang/Object;+1
j  java.util.concurrent.ForkJoinTask$AdaptedCallable.exec()Z+5 java.base@17.0.14
j  java.util.concurrent.ForkJoinTask.doExec()I+10 java.base@17.0.14
j  java.util.concurrent.ForkJoinPool$WorkQueue.topLevelExec(Ljava/util/concurrent/ForkJoinTask;Ljava/util/concurrent/ForkJoinPool$WorkQueue;)V+13 java.base@17.0.14
j  java.util.concurrent.ForkJoinPool.scan(Ljava/util/concurrent/ForkJoinPool$WorkQueue;II)I+193 java.base@17.0.14
j  java.util.concurrent.ForkJoinPool.runWorker(Ljava/util/concurrent/ForkJoinPool$WorkQueue;)V+53 java.base@17.0.14
j  java.util.concurrent.ForkJoinWorkerThread.run()V+31 java.base@17.0.14
v  ~StubRoutines::call_stub
newarray  188 newarray  [0x000001665faab960, 0x000001665faaba40]  224 bytes
[MachCode]
  0x000001665faab960: 8b04 2448 | 83c4 0841 | 0fb6 5501 | e805 0000 | 00e9 ad00 | 0000 4c8b | c048 8d44 | 2408 4c89 
  0x000001665faab980: 6dc0 498b | cfc5 f877 | 4989 afa8 | 0200 0049 | 8987 9802 | 0000 4883 | ec20 f7c4 | 0f00 0000 
  0x000001665faab9a0: 0f84 1a00 | 0000 4883 | ec08 49ba | 6091 0030 | fc7f 0000 | 41ff d248 | 83c4 08e9 | 0d00 0000 
  0x000001665faab9c0: 49ba 6091 | 0030 fc7f | 0000 41ff | d248 83c4 | 2049 c787 | 9802 0000 | 0000 0000 | 49c7 87a8 
  0x000001665faab9e0: 0200 0000 | 0000 0049 | c787 a002 | 0000 0000 | 0000 c5f8 | 7749 817f | 0800 0000 | 000f 8405 
  0x000001665faaba00: 0000 00e9 | f854 feff | 498b 87f0 | 0200 0049 | c787 f002 | 0000 0000 | 0000 4c8b | 6dc0 4c8b 
  0x000001665faaba20: 75c8 c341 | 0fb6 5d02 | 4983 c502 | 49ba 40a8 | 8330 fc7f | 0000 41ff | 24da 660f | 1f44 0000 
[/MachCode]

---------------  P R O C E S S  ---------------

Threads class SMR info:
_java_thread_list=0x000001661c09e590, length=210, elements={
0x0000016650a363e0, 0x000001666f302090, 0x000001666f303c60, 0x000001666f320730,
0x000001666f321100, 0x000001666f325be0, 0x000001666f3465b0, 0x000001666f3472a0,
0x000001666f34cbe0, 0x000001666f34ea50, 0x000001666f2e46f0, 0x000001666f5bbe80,
0x0000016674caee30, 0x0000016674b99230, 0x00000166747bc0f0, 0x0000016674fc0270,
0x0000016674fc0750, 0x0000016674eb6df0, 0x0000016674eb63d0, 0x0000016674eb4a80,
0x0000016674eb7300, 0x0000016674eb4060, 0x0000016674eb59b0, 0x0000016674eb7810,
0x0000016674eb68e0, 0x0000016674eb5ec0, 0x0000016674eb4f90, 0x0000016674eb54a0,
0x000001667663f090, 0x00000166766404d0, 0x000001667663ffc0, 0x0000016676640ef0,
0x0000016676642330, 0x0000016676643260, 0x00000166766446a0, 0x00000166766450c0,
0x0000016676644bb0, 0x00000166766455d0, 0x0000016676643c80, 0x0000016676643770,
0x0000016676645ff0, 0x0000016676644190, 0x0000016676642840, 0x0000016676645ae0,
0x0000016676646a10, 0x0000016676646500, 0x00000166779f9710, 0x00000166779f9c20,
0x00000166779fbf90, 0x00000166779fa130, 0x00000166779fc4a0, 0x00000166779f9200,
0x00000166779fa640, 0x00000166779f8cf0, 0x00000166779fab50, 0x00000166779fd3d0,
0x00000166779fc9b0, 0x00000166779fcec0, 0x00000166779fb570, 0x00000166779fd8e0,
0x00000166779fe300, 0x00000166779fddf0, 0x00000166779fe810, 0x00000166779fba80,
0x00000166779fb060, 0x0000016677a00160, 0x00000166779fed20, 0x00000166779ff230,
0x00000166779ff740, 0x00000166779ffc50, 0x0000016677a00670, 0x00000166784bb440,
0x00000166784ba510, 0x00000166784baf30, 0x00000166784ba000, 0x00000166784bbe60,
0x00000166784b9af0, 0x00000166784bcd90, 0x00000166784b95e0, 0x00000166784be6e0,
0x00000166784bd2a0, 0x00000166784bd7b0, 0x00000166784bdcc0, 0x00000166784be1d0,
0x00000166784bebf0, 0x00000166784bf100, 0x00000166784bb950, 0x00000166784c0a50,
0x00000166784c0f60, 0x00000166783235c0, 0x0000016678323fe0, 0x0000016678323ad0,
0x0000016678322690, 0x0000016678321c70, 0x0000016678322ba0, 0x00000166783230b0,
0x0000016678322180, 0x00000166783244f0, 0x0000016678321250, 0x0000016678320d40,
0x0000016678321760, 0x0000016678326860, 0x0000016678326d70, 0x0000016678327280,
0x0000016678324f10, 0x0000016678324a00, 0x0000016678327ca0, 0x0000016678327790,
0x00000166783281b0, 0x0000016678326350, 0x00000166783286c0, 0x0000016678325420,
0x0000016678325930, 0x0000016678325e40, 0x000001667831c4d0, 0x0000016678318d20,
0x000001667831a670, 0x000001667831bab0, 0x0000016678319230, 0x000001667831b5a0,
0x000001667831b090, 0x000001667831bfc0, 0x0000016678319740, 0x0000016678319c50,
0x000001667831a160, 0x000001667831ab80, 0x0000016675d35380, 0x0000016675d367c0,
0x0000016675d35890, 0x0000016675d35da0, 0x0000016675d362b0, 0x0000016675d34e70,
0x0000016675d33010, 0x0000016675d34960, 0x0000016675d33520, 0x0000016675d36cd0,
0x0000016675d371e0, 0x0000016675d33a30, 0x0000016675d376f0, 0x0000016675d33f40,
0x0000016675d37c00, 0x0000016675d34450, 0x0000016675d39550, 0x0000016675d38b30,
0x0000016675d39040, 0x0000016675d39a60, 0x0000016675d38110, 0x0000016675d38620,
0x0000016675d39f70, 0x0000016675d3a990, 0x0000016676dbbb50, 0x0000016676dbc060,
0x0000016676dbe3d0, 0x0000016676dbb640, 0x0000016676dbfd20, 0x0000016676dbca80,
0x0000016676dbc570, 0x0000016676dbf810, 0x0000016676dbd9b0, 0x0000016676dbdec0,
0x0000016676dbe8e0, 0x0000016676dc0230, 0x0000016676dc0740, 0x0000016676dbcf90,
0x0000016676dc0c50, 0x0000016676dbedf0, 0x0000016676dbd4a0, 0x0000016676dc1160,
0x0000016676dc1670, 0x0000016676dc1b80, 0x0000016676dc2090, 0x0000016676dc2ab0,
0x0000016676dc25a0, 0x0000016676dbf300, 0x0000016676dc2fc0, 0x0000016675d3a480,
0x00000166784216b0, 0x000001667841fd60, 0x0000016678421bc0, 0x0000016678420270,
0x00000166784211a0, 0x0000016678423510, 0x00000166784220d0, 0x0000016678420c90,
0x0000016678420780, 0x0000016678425370, 0x0000016678424e60, 0x00000166784267b0,
0x0000016678426cc0, 0x0000016678423a20, 0x00000166784276e0, 0x000001667663f5a0,
0x000001667663fab0, 0x000001667f63ad00, 0x00000166784c0030, 0x000001661b392960,
0x000001667e1ae530, 0x000001667e1adb10, 0x000001667e1ab0e0, 0x000001667e1ab5f0,
0x000001667e1ac520, 0x000001667e1aca30, 0x0000016678d88410, 0x000001661b391f40,
0x000001661b0a9550, 0x000001661b0a8b30, 0x000001661dc9da90, 0x0000016678d86fd0,
0x0000016678d879f0, 0x0000016678d87f00
}

Java Threads: ( => current thread )
  0x0000016650a363e0 JavaThread "main" [_thread_blocked, id=20344, stack(0x0000000100600000,0x0000000100700000)]
  0x000001666f302090 JavaThread "Reference Handler" daemon [_thread_blocked, id=26184, stack(0x0000000100d00000,0x0000000100e00000)]
  0x000001666f303c60 JavaThread "Finalizer" daemon [_thread_blocked, id=16676, stack(0x0000000100e00000,0x0000000100f00000)]
  0x000001666f320730 JavaThread "Signal Dispatcher" daemon [_thread_blocked, id=28144, stack(0x0000000100f00000,0x0000000101000000)]
  0x000001666f321100 JavaThread "Attach Listener" daemon [_thread_blocked, id=18592, stack(0x0000000101000000,0x0000000101100000)]
  0x000001666f325be0 JavaThread "Service Thread" daemon [_thread_blocked, id=18836, stack(0x0000000101100000,0x0000000101200000)]
  0x000001666f3465b0 JavaThread "Monitor Deflation Thread" daemon [_thread_blocked, id=27176, stack(0x0000000101200000,0x0000000101300000)]
  0x000001666f3472a0 JavaThread "C2 CompilerThread0" daemon [_thread_blocked, id=31060, stack(0x0000000101300000,0x0000000101400000)]
  0x000001666f34cbe0 JavaThread "C1 CompilerThread0" daemon [_thread_blocked, id=3504, stack(0x0000000101400000,0x0000000101500000)]
  0x000001666f34ea50 JavaThread "Sweeper thread" daemon [_thread_blocked, id=30320, stack(0x0000000101500000,0x0000000101600000)]
  0x000001666f2e46f0 JavaThread "Common-Cleaner" daemon [_thread_blocked, id=28756, stack(0x0000000101600000,0x0000000101700000)]
  0x000001666f5bbe80 JavaThread "Notification Thread" daemon [_thread_blocked, id=22336, stack(0x0000000101700000,0x0000000101800000)]
  0x0000016674caee30 JavaThread "Daemon health stats" [_thread_blocked, id=9188, stack(0x0000000101d00000,0x0000000101e00000)]
  0x0000016674b99230 JavaThread "Incoming local TCP Connector on port 62537" [_thread_in_native, id=15472, stack(0x0000000101e00000,0x0000000101f00000)]
  0x00000166747bc0f0 JavaThread "Daemon periodic checks" [_thread_blocked, id=17388, stack(0x0000000101f00000,0x0000000102000000)]
  0x0000016674fc0270 JavaThread "Daemon" [_thread_blocked, id=25556, stack(0x0000000102000000,0x0000000102100000)]
  0x0000016674fc0750 JavaThread "Handler for socket connection from /127.0.0.1:62537 to /127.0.0.1:62538" [_thread_in_native, id=14372, stack(0x0000000102100000,0x0000000102200000)]
  0x0000016674eb6df0 JavaThread "Cancel handler" [_thread_blocked, id=4220, stack(0x0000000102200000,0x0000000102300000)]
  0x0000016674eb63d0 JavaThread "Daemon worker" [_thread_blocked, id=8500, stack(0x0000000102300000,0x0000000102400000)]
  0x0000016674eb4a80 JavaThread "Asynchronous log dispatcher for DefaultDaemonConnection: socket connection from /127.0.0.1:62537 to /127.0.0.1:62538" [_thread_blocked, id=22248, stack(0x0000000102400000,0x0000000102500000)]
  0x0000016674eb7300 JavaThread "Stdin handler" [_thread_blocked, id=12004, stack(0x0000000102500000,0x0000000102600000)]
  0x0000016674eb4060 JavaThread "Daemon client event forwarder" [_thread_blocked, id=9944, stack(0x0000000102600000,0x0000000102700000)]
  0x0000016674eb59b0 JavaThread "Cache worker for journal cache (C:\Users\Nico\.gradle\caches\journal-1)" [_thread_blocked, id=30864, stack(0x0000000102700000,0x0000000102800000)]
  0x0000016674eb7810 JavaThread "File lock request listener" [_thread_in_native, id=16636, stack(0x0000000102800000,0x0000000102900000)]
  0x0000016674eb68e0 JavaThread "Cache worker for file hash cache (C:\Users\Nico\.gradle\caches\8.13\fileHashes)" [_thread_blocked, id=10384, stack(0x0000000102900000,0x0000000102a00000)]
  0x0000016674eb5ec0 JavaThread "Cache worker for file hash cache (C:\Users\Nico\Documents\SOFTENG24_05\VIBRO\android\.gradle\8.13\fileHashes)" [_thread_blocked, id=28780, stack(0x0000000102f00000,0x0000000103000000)]
  0x0000016674eb4f90 JavaThread "Cache worker for Build Output Cleanup Cache (C:\Users\Nico\Documents\SOFTENG24_05\VIBRO\android\.gradle\buildOutputCleanup)" [_thread_blocked, id=30648, stack(0x0000000103000000,0x0000000103100000)]
  0x0000016674eb54a0 JavaThread "File watcher server" daemon [_thread_blocked, id=30664, stack(0x0000000103300000,0x0000000103400000)]
  0x000001667663f090 JavaThread "File watcher consumer" daemon [_thread_blocked, id=9232, stack(0x0000000103400000,0x0000000103500000)]
  0x00000166766404d0 JavaThread "jar transforms" [_thread_blocked, id=8612, stack(0x0000000103500000,0x0000000103600000)]
  0x000001667663ffc0 JavaThread "Cache worker for checksums cache (C:\Users\Nico\Documents\SOFTENG24_05\VIBRO\android\.gradle\8.13\checksums)" [_thread_blocked, id=17688, stack(0x0000000103600000,0x0000000103700000)]
  0x0000016676640ef0 JavaThread "Cache worker for file content cache (C:\Users\Nico\.gradle\caches\8.13\fileContent)" [_thread_blocked, id=29568, stack(0x0000000103700000,0x0000000103800000)]
  0x0000016676642330 JavaThread "Cache worker for cache directory md-supplier (C:\Users\Nico\.gradle\caches\8.13\md-supplier)" [_thread_blocked, id=13408, stack(0x0000000103800000,0x0000000103900000)]
  0x0000016676643260 JavaThread "Cache worker for cache directory md-rule (C:\Users\Nico\.gradle\caches\8.13\md-rule)" [_thread_blocked, id=5276, stack(0x0000000103900000,0x0000000103a00000)]
  0x00000166766446a0 JavaThread "Cache worker for Build Output Cleanup Cache (C:\Users\Nico\Documents\SOFTENG24_05\VIBRO\node_modules\@react-native\gradle-plugin\.gradle\buildOutputCleanup)" [_thread_blocked, id=27208, stack(0x0000000103a00000,0x0000000103b00000)]
  0x00000166766450c0 JavaThread "Unconstrained build operations" [_thread_blocked, id=19864, stack(0x0000000103b00000,0x0000000103c00000)]
  0x0000016676644bb0 JavaThread "Unconstrained build operations Thread 2" [_thread_blocked, id=14124, stack(0x0000000103c00000,0x0000000103d00000)]
  0x00000166766455d0 JavaThread "Unconstrained build operations Thread 3" [_thread_blocked, id=15660, stack(0x0000000103d00000,0x0000000103e00000)]
  0x0000016676643c80 JavaThread "Unconstrained build operations Thread 4" [_thread_blocked, id=26604, stack(0x0000000103e00000,0x0000000103f00000)]
  0x0000016676643770 JavaThread "Unconstrained build operations Thread 5" [_thread_blocked, id=20608, stack(0x0000000103f00000,0x0000000104000000)]
  0x0000016676645ff0 JavaThread "Unconstrained build operations Thread 6" [_thread_blocked, id=29332, stack(0x0000000104000000,0x0000000104100000)]
  0x0000016676644190 JavaThread "Unconstrained build operations Thread 7" [_thread_blocked, id=21780, stack(0x0000000104100000,0x0000000104200000)]
  0x0000016676642840 JavaThread "Unconstrained build operations Thread 8" [_thread_blocked, id=14312, stack(0x0000000104200000,0x0000000104300000)]
  0x0000016676645ae0 JavaThread "Unconstrained build operations Thread 9" [_thread_blocked, id=23904, stack(0x0000000104300000,0x0000000104400000)]
  0x0000016676646a10 JavaThread "Unconstrained build operations Thread 10" [_thread_blocked, id=12960, stack(0x0000000104400000,0x0000000104500000)]
  0x0000016676646500 JavaThread "Unconstrained build operations Thread 11" [_thread_blocked, id=10840, stack(0x0000000104500000,0x0000000104600000)]
  0x00000166779f9710 JavaThread "Unconstrained build operations Thread 12" [_thread_blocked, id=28496, stack(0x0000000104600000,0x0000000104700000)]
  0x00000166779f9c20 JavaThread "Unconstrained build operations Thread 13" [_thread_blocked, id=7456, stack(0x0000000104700000,0x0000000104800000)]
  0x00000166779fbf90 JavaThread "Unconstrained build operations Thread 14" [_thread_blocked, id=11796, stack(0x0000000104800000,0x0000000104900000)]
  0x00000166779fa130 JavaThread "Unconstrained build operations Thread 15" [_thread_blocked, id=4928, stack(0x0000000104900000,0x0000000104a00000)]
  0x00000166779fc4a0 JavaThread "Unconstrained build operations Thread 16" [_thread_blocked, id=28544, stack(0x0000000104a00000,0x0000000104b00000)]
  0x00000166779f9200 JavaThread "Unconstrained build operations Thread 17" [_thread_blocked, id=5812, stack(0x0000000104b00000,0x0000000104c00000)]
  0x00000166779fa640 JavaThread "Unconstrained build operations Thread 18" [_thread_blocked, id=18116, stack(0x0000000104c00000,0x0000000104d00000)]
  0x00000166779f8cf0 JavaThread "Unconstrained build operations Thread 19" [_thread_blocked, id=16844, stack(0x0000000104d00000,0x0000000104e00000)]
  0x00000166779fab50 JavaThread "Unconstrained build operations Thread 20" [_thread_blocked, id=10552, stack(0x0000000104e00000,0x0000000104f00000)]
  0x00000166779fd3d0 JavaThread "Unconstrained build operations Thread 21" [_thread_blocked, id=32380, stack(0x0000000104f00000,0x0000000105000000)]
  0x00000166779fc9b0 JavaThread "Unconstrained build operations Thread 22" [_thread_blocked, id=20316, stack(0x0000000105000000,0x0000000105100000)]
  0x00000166779fcec0 JavaThread "Unconstrained build operations Thread 23" [_thread_blocked, id=14908, stack(0x0000000105100000,0x0000000105200000)]
  0x00000166779fb570 JavaThread "Unconstrained build operations Thread 24" [_thread_blocked, id=28072, stack(0x0000000105200000,0x0000000105300000)]
  0x00000166779fd8e0 JavaThread "Unconstrained build operations Thread 25" [_thread_blocked, id=5200, stack(0x0000000105300000,0x0000000105400000)]
  0x00000166779fe300 JavaThread "Unconstrained build operations Thread 26" [_thread_blocked, id=27224, stack(0x0000000105400000,0x0000000105500000)]
  0x00000166779fddf0 JavaThread "Unconstrained build operations Thread 27" [_thread_blocked, id=1480, stack(0x0000000105500000,0x0000000105600000)]
  0x00000166779fe810 JavaThread "Unconstrained build operations Thread 28" [_thread_blocked, id=25436, stack(0x0000000105600000,0x0000000105700000)]
  0x00000166779fba80 JavaThread "Unconstrained build operations Thread 29" [_thread_blocked, id=732, stack(0x0000000105700000,0x0000000105800000)]
  0x00000166779fb060 JavaThread "Unconstrained build operations Thread 30" [_thread_blocked, id=28132, stack(0x0000000105800000,0x0000000105900000)]
  0x0000016677a00160 JavaThread "Unconstrained build operations Thread 31" [_thread_blocked, id=10052, stack(0x0000000105900000,0x0000000105a00000)]
  0x00000166779fed20 JavaThread "Unconstrained build operations Thread 32" [_thread_blocked, id=22152, stack(0x0000000105a00000,0x0000000105b00000)]
  0x00000166779ff230 JavaThread "Unconstrained build operations Thread 33" [_thread_blocked, id=12496, stack(0x0000000105b00000,0x0000000105c00000)]
  0x00000166779ff740 JavaThread "Unconstrained build operations Thread 34" [_thread_blocked, id=16160, stack(0x0000000105c00000,0x0000000105d00000)]
  0x00000166779ffc50 JavaThread "Unconstrained build operations Thread 35" [_thread_blocked, id=31112, stack(0x0000000105d00000,0x0000000105e00000)]
  0x0000016677a00670 JavaThread "Unconstrained build operations Thread 36" [_thread_blocked, id=26116, stack(0x0000000105e00000,0x0000000105f00000)]
  0x00000166784bb440 JavaThread "Unconstrained build operations Thread 37" [_thread_blocked, id=25180, stack(0x0000000105f00000,0x0000000106000000)]
  0x00000166784ba510 JavaThread "Unconstrained build operations Thread 38" [_thread_blocked, id=15144, stack(0x0000000106000000,0x0000000106100000)]
  0x00000166784baf30 JavaThread "Unconstrained build operations Thread 39" [_thread_blocked, id=14620, stack(0x0000000106100000,0x0000000106200000)]
  0x00000166784ba000 JavaThread "build event listener" [_thread_blocked, id=5572, stack(0x0000000106200000,0x0000000106300000)]
  0x00000166784bbe60 JavaThread "Memory manager" [_thread_blocked, id=29536, stack(0x0000000106300000,0x0000000106400000)]
  0x00000166784b9af0 JavaThread "ForkJoinPool.commonPool-worker-1" daemon [_thread_blocked, id=26780, stack(0x0000000106400000,0x0000000106500000)]
  0x00000166784bcd90 JavaThread "ForkJoinPool.commonPool-worker-2" daemon [_thread_blocked, id=26832, stack(0x0000000106500000,0x0000000106600000)]
  0x00000166784b95e0 JavaThread "ForkJoinPool.commonPool-worker-3" daemon [_thread_blocked, id=4308, stack(0x0000000106600000,0x0000000106700000)]
=>0x00000166784be6e0 JavaThread "ForkJoinPool.commonPool-worker-5" daemon [_thread_in_vm, id=26476, stack(0x0000000106700000,0x0000000106800000)]
  0x00000166784bd2a0 JavaThread "ForkJoinPool.commonPool-worker-4" daemon [_thread_blocked, id=5696, stack(0x0000000106800000,0x0000000106900000)]
  0x00000166784bd7b0 JavaThread "ForkJoinPool.commonPool-worker-6" daemon [_thread_blocked, id=21216, stack(0x0000000106900000,0x0000000106a00000)]
  0x00000166784bdcc0 JavaThread "ForkJoinPool.commonPool-worker-7" daemon [_thread_blocked, id=20052, stack(0x0000000106a00000,0x0000000106b00000)]
  0x00000166784be1d0 JavaThread "ForkJoinPool.commonPool-worker-9" daemon [_thread_blocked, id=17644, stack(0x0000000106b00000,0x0000000106c00000)]
  0x00000166784bebf0 JavaThread "ForkJoinPool.commonPool-worker-10" daemon [_thread_blocked, id=22364, stack(0x0000000106c00000,0x0000000106d00000)]
  0x00000166784bf100 JavaThread "ForkJoinPool.commonPool-worker-8" daemon [_thread_blocked, id=24320, stack(0x0000000106d00000,0x0000000106e00000)]
  0x00000166784bb950 JavaThread "ForkJoinPool.commonPool-worker-11" daemon [_thread_blocked, id=5560, stack(0x0000000106e00000,0x0000000106f00000)]
  0x00000166784c0a50 JavaThread "Execution worker" [_thread_blocked, id=21992, stack(0x0000000107300000,0x0000000107400000)]
  0x00000166784c0f60 JavaThread "Execution worker Thread 2" [_thread_blocked, id=28368, stack(0x0000000107400000,0x0000000107500000)]
  0x00000166783235c0 JavaThread "Execution worker Thread 3" [_thread_blocked, id=18764, stack(0x0000000107500000,0x0000000107600000)]
  0x0000016678323fe0 JavaThread "Execution worker Thread 4" [_thread_blocked, id=29020, stack(0x0000000107600000,0x0000000107700000)]
  0x0000016678323ad0 JavaThread "Execution worker Thread 5" [_thread_blocked, id=30188, stack(0x0000000107700000,0x0000000107800000)]
  0x0000016678322690 JavaThread "Execution worker Thread 6" [_thread_blocked, id=28972, stack(0x0000000107800000,0x0000000107900000)]
  0x0000016678321c70 JavaThread "Execution worker Thread 7" [_thread_blocked, id=30084, stack(0x0000000107900000,0x0000000107a00000)]
  0x0000016678322ba0 JavaThread "Execution worker Thread 8" [_thread_blocked, id=29548, stack(0x0000000107a00000,0x0000000107b00000)]
  0x00000166783230b0 JavaThread "Execution worker Thread 9" [_thread_blocked, id=21980, stack(0x0000000107b00000,0x0000000107c00000)]
  0x0000016678322180 JavaThread "Execution worker Thread 10" [_thread_blocked, id=9888, stack(0x0000000107c00000,0x0000000107d00000)]
  0x00000166783244f0 JavaThread "Execution worker Thread 11" [_thread_blocked, id=30120, stack(0x0000000107d00000,0x0000000107e00000)]
  0x0000016678321250 JavaThread "Cache worker for execution history cache (C:\Users\Nico\Documents\SOFTENG24_05\VIBRO\node_modules\@react-native\gradle-plugin\.gradle\8.13\executionHistory)" [_thread_blocked, id=22312, stack(0x0000000107e00000,0x0000000107f00000)]
  0x0000016678320d40 JavaThread "Unconstrained build operations Thread 40" [_thread_blocked, id=6712, stack(0x0000000107f00000,0x0000000108000000)]
  0x0000016678321760 JavaThread "Unconstrained build operations Thread 41" [_thread_blocked, id=25152, stack(0x0000000108000000,0x0000000108100000)]
  0x0000016678326860 JavaThread "Unconstrained build operations Thread 42" [_thread_blocked, id=23108, stack(0x0000000108100000,0x0000000108200000)]
  0x0000016678326d70 JavaThread "Unconstrained build operations Thread 43" [_thread_blocked, id=10992, stack(0x0000000108200000,0x0000000108300000)]
  0x0000016678327280 JavaThread "Unconstrained build operations Thread 44" [_thread_blocked, id=17344, stack(0x0000000108300000,0x0000000108400000)]
  0x0000016678324f10 JavaThread "Unconstrained build operations Thread 45" [_thread_blocked, id=22600, stack(0x0000000108400000,0x0000000108500000)]
  0x0000016678324a00 JavaThread "Unconstrained build operations Thread 46" [_thread_blocked, id=27712, stack(0x0000000108500000,0x0000000108600000)]
  0x0000016678327ca0 JavaThread "Unconstrained build operations Thread 47" [_thread_blocked, id=32216, stack(0x0000000108600000,0x0000000108700000)]
  0x0000016678327790 JavaThread "Unconstrained build operations Thread 48" [_thread_blocked, id=18632, stack(0x0000000108700000,0x0000000108800000)]
  0x00000166783281b0 JavaThread "Unconstrained build operations Thread 49" [_thread_blocked, id=22008, stack(0x0000000108800000,0x0000000108900000)]
  0x0000016678326350 JavaThread "Unconstrained build operations Thread 50" [_thread_blocked, id=4388, stack(0x0000000108900000,0x0000000108a00000)]
  0x00000166783286c0 JavaThread "Unconstrained build operations Thread 51" [_thread_blocked, id=21092, stack(0x0000000108a00000,0x0000000108b00000)]
  0x0000016678325420 JavaThread "Unconstrained build operations Thread 52" [_thread_blocked, id=24556, stack(0x0000000108b00000,0x0000000108c00000)]
  0x0000016678325930 JavaThread "Unconstrained build operations Thread 53" [_thread_blocked, id=21032, stack(0x0000000108c00000,0x0000000108d00000)]
  0x0000016678325e40 JavaThread "Unconstrained build operations Thread 54" [_thread_blocked, id=5268, stack(0x0000000108d00000,0x0000000108e00000)]
  0x000001667831c4d0 JavaThread "Unconstrained build operations Thread 55" [_thread_blocked, id=5212, stack(0x0000000108e00000,0x0000000108f00000)]
  0x0000016678318d20 JavaThread "Unconstrained build operations Thread 56" [_thread_blocked, id=29248, stack(0x0000000108f00000,0x0000000109000000)]
  0x000001667831a670 JavaThread "Unconstrained build operations Thread 57" [_thread_blocked, id=26376, stack(0x0000000109000000,0x0000000109100000)]
  0x000001667831bab0 JavaThread "Unconstrained build operations Thread 58" [_thread_blocked, id=11080, stack(0x0000000109100000,0x0000000109200000)]
  0x0000016678319230 JavaThread "Unconstrained build operations Thread 59" [_thread_blocked, id=21484, stack(0x0000000109200000,0x0000000109300000)]
  0x000001667831b5a0 JavaThread "Unconstrained build operations Thread 60" [_thread_blocked, id=20256, stack(0x0000000109300000,0x0000000109400000)]
  0x000001667831b090 JavaThread "Unconstrained build operations Thread 61" [_thread_blocked, id=12596, stack(0x0000000109400000,0x0000000109500000)]
  0x000001667831bfc0 JavaThread "Unconstrained build operations Thread 62" [_thread_blocked, id=19212, stack(0x0000000109500000,0x0000000109600000)]
  0x0000016678319740 JavaThread "Unconstrained build operations Thread 63" [_thread_blocked, id=25656, stack(0x0000000109600000,0x0000000109700000)]
  0x0000016678319c50 JavaThread "Unconstrained build operations Thread 64" [_thread_blocked, id=12848, stack(0x0000000109700000,0x0000000109800000)]
  0x000001667831a160 JavaThread "Unconstrained build operations Thread 65" [_thread_blocked, id=20592, stack(0x0000000109800000,0x0000000109900000)]
  0x000001667831ab80 JavaThread "Unconstrained build operations Thread 66" [_thread_blocked, id=32164, stack(0x0000000109900000,0x0000000109a00000)]
  0x0000016675d35380 JavaThread "Unconstrained build operations Thread 67" [_thread_blocked, id=6040, stack(0x0000000109a00000,0x0000000109b00000)]
  0x0000016675d367c0 JavaThread "Unconstrained build operations Thread 68" [_thread_blocked, id=31220, stack(0x0000000109b00000,0x0000000109c00000)]
  0x0000016675d35890 JavaThread "Unconstrained build operations Thread 69" [_thread_blocked, id=13828, stack(0x0000000109c00000,0x0000000109d00000)]
  0x0000016675d35da0 JavaThread "Unconstrained build operations Thread 70" [_thread_blocked, id=6268, stack(0x0000000109d00000,0x0000000109e00000)]
  0x0000016675d362b0 JavaThread "Unconstrained build operations Thread 71" [_thread_blocked, id=15764, stack(0x0000000109e00000,0x0000000109f00000)]
  0x0000016675d34e70 JavaThread "Unconstrained build operations Thread 72" [_thread_blocked, id=31532, stack(0x0000000109f00000,0x000000010a000000)]
  0x0000016675d33010 JavaThread "Unconstrained build operations Thread 73" [_thread_blocked, id=21816, stack(0x000000010a000000,0x000000010a100000)]
  0x0000016675d34960 JavaThread "Unconstrained build operations Thread 74" [_thread_blocked, id=7020, stack(0x000000010a100000,0x000000010a200000)]
  0x0000016675d33520 JavaThread "Unconstrained build operations Thread 75" [_thread_blocked, id=20532, stack(0x000000010a200000,0x000000010a300000)]
  0x0000016675d36cd0 JavaThread "Unconstrained build operations Thread 76" [_thread_blocked, id=30876, stack(0x000000010a300000,0x000000010a400000)]
  0x0000016675d371e0 JavaThread "Unconstrained build operations Thread 77" [_thread_blocked, id=30788, stack(0x000000010a400000,0x000000010a500000)]
  0x0000016675d33a30 JavaThread "Unconstrained build operations Thread 78" [_thread_blocked, id=8360, stack(0x000000010a500000,0x000000010a600000)]
  0x0000016675d376f0 JavaThread "Unconstrained build operations Thread 79" [_thread_blocked, id=29196, stack(0x000000010a600000,0x000000010a700000)]
  0x0000016675d33f40 JavaThread "Unconstrained build operations Thread 80" [_thread_blocked, id=30804, stack(0x000000010a700000,0x000000010a800000)]
  0x0000016675d37c00 JavaThread "Unconstrained build operations Thread 81" [_thread_blocked, id=20148, stack(0x000000010a800000,0x000000010a900000)]
  0x0000016675d34450 JavaThread "Unconstrained build operations Thread 82" [_thread_blocked, id=30916, stack(0x000000010a900000,0x000000010aa00000)]
  0x0000016675d39550 JavaThread "Unconstrained build operations Thread 83" [_thread_blocked, id=30472, stack(0x000000010aa00000,0x000000010ab00000)]
  0x0000016675d38b30 JavaThread "Unconstrained build operations Thread 84" [_thread_blocked, id=27616, stack(0x000000010ab00000,0x000000010ac00000)]
  0x0000016675d39040 JavaThread "Unconstrained build operations Thread 85" [_thread_blocked, id=22288, stack(0x000000010ac00000,0x000000010ad00000)]
  0x0000016675d39a60 JavaThread "Unconstrained build operations Thread 86" [_thread_blocked, id=27248, stack(0x000000010ad00000,0x000000010ae00000)]
  0x0000016675d38110 JavaThread "Unconstrained build operations Thread 87" [_thread_blocked, id=18456, stack(0x000000010ae00000,0x000000010af00000)]
  0x0000016675d38620 JavaThread "Unconstrained build operations Thread 88" [_thread_blocked, id=3080, stack(0x000000010af00000,0x000000010b000000)]
  0x0000016675d39f70 JavaThread "Unconstrained build operations Thread 89" [_thread_blocked, id=21424, stack(0x000000010b000000,0x000000010b100000)]
  0x0000016675d3a990 JavaThread "Unconstrained build operations Thread 90" [_thread_blocked, id=19032, stack(0x000000010b100000,0x000000010b200000)]
  0x0000016676dbbb50 JavaThread "Unconstrained build operations Thread 91" [_thread_blocked, id=11672, stack(0x000000010b200000,0x000000010b300000)]
  0x0000016676dbc060 JavaThread "Unconstrained build operations Thread 92" [_thread_blocked, id=15652, stack(0x000000010b300000,0x000000010b400000)]
  0x0000016676dbe3d0 JavaThread "Unconstrained build operations Thread 93" [_thread_blocked, id=22092, stack(0x000000010b400000,0x000000010b500000)]
  0x0000016676dbb640 JavaThread "Unconstrained build operations Thread 94" [_thread_blocked, id=6688, stack(0x000000010b500000,0x000000010b600000)]
  0x0000016676dbfd20 JavaThread "Unconstrained build operations Thread 95" [_thread_blocked, id=24024, stack(0x000000010b600000,0x000000010b700000)]
  0x0000016676dbca80 JavaThread "Unconstrained build operations Thread 96" [_thread_blocked, id=27120, stack(0x000000010b700000,0x000000010b800000)]
  0x0000016676dbc570 JavaThread "Unconstrained build operations Thread 97" [_thread_blocked, id=8536, stack(0x000000010b800000,0x000000010b900000)]
  0x0000016676dbf810 JavaThread "Unconstrained build operations Thread 98" [_thread_blocked, id=12172, stack(0x000000010b900000,0x000000010ba00000)]
  0x0000016676dbd9b0 JavaThread "Unconstrained build operations Thread 99" [_thread_blocked, id=7436, stack(0x000000010ba00000,0x000000010bb00000)]
  0x0000016676dbdec0 JavaThread "Unconstrained build operations Thread 100" [_thread_blocked, id=15692, stack(0x000000010bb00000,0x000000010bc00000)]
  0x0000016676dbe8e0 JavaThread "Unconstrained build operations Thread 101" [_thread_blocked, id=17948, stack(0x000000010bc00000,0x000000010bd00000)]
  0x0000016676dc0230 JavaThread "Unconstrained build operations Thread 102" [_thread_blocked, id=29276, stack(0x000000010bd00000,0x000000010be00000)]
  0x0000016676dc0740 JavaThread "Unconstrained build operations Thread 103" [_thread_blocked, id=31188, stack(0x000000010be00000,0x000000010bf00000)]
  0x0000016676dbcf90 JavaThread "Unconstrained build operations Thread 104" [_thread_blocked, id=26088, stack(0x000000010bf00000,0x000000010c000000)]
  0x0000016676dc0c50 JavaThread "Unconstrained build operations Thread 105" [_thread_blocked, id=32200, stack(0x000000010c000000,0x000000010c100000)]
  0x0000016676dbedf0 JavaThread "Unconstrained build operations Thread 106" [_thread_blocked, id=29640, stack(0x000000010c100000,0x000000010c200000)]
  0x0000016676dbd4a0 JavaThread "Unconstrained build operations Thread 107" [_thread_blocked, id=32372, stack(0x000000010c200000,0x000000010c300000)]
  0x0000016676dc1160 JavaThread "Unconstrained build operations Thread 108" [_thread_blocked, id=32700, stack(0x000000010c300000,0x000000010c400000)]
  0x0000016676dc1670 JavaThread "Unconstrained build operations Thread 109" [_thread_blocked, id=28580, stack(0x000000010c400000,0x000000010c500000)]
  0x0000016676dc1b80 JavaThread "Unconstrained build operations Thread 110" [_thread_blocked, id=1444, stack(0x000000010c500000,0x000000010c600000)]
  0x0000016676dc2090 JavaThread "jar transforms Thread 2" [_thread_blocked, id=13704, stack(0x000000010c600000,0x000000010c700000)]
  0x0000016676dc2ab0 JavaThread "jar transforms Thread 3" [_thread_blocked, id=19252, stack(0x000000010c700000,0x000000010c800000)]
  0x0000016676dc25a0 JavaThread "Unconstrained build operations Thread 111" [_thread_blocked, id=16832, stack(0x000000010c800000,0x000000010c900000)]
  0x0000016676dbf300 JavaThread "Unconstrained build operations Thread 112" [_thread_blocked, id=14944, stack(0x000000010c900000,0x000000010ca00000)]
  0x0000016676dc2fc0 JavaThread "Unconstrained build operations Thread 113" [_thread_blocked, id=19180, stack(0x000000010ca00000,0x000000010cb00000)]
  0x0000016675d3a480 JavaThread "Unconstrained build operations Thread 114" [_thread_blocked, id=32100, stack(0x000000010cb00000,0x000000010cc00000)]
  0x00000166784216b0 JavaThread "Unconstrained build operations Thread 115" [_thread_blocked, id=19196, stack(0x000000010cc00000,0x000000010cd00000)]
  0x000001667841fd60 JavaThread "Unconstrained build operations Thread 116" [_thread_blocked, id=30852, stack(0x000000010cd00000,0x000000010ce00000)]
  0x0000016678421bc0 JavaThread "Unconstrained build operations Thread 117" [_thread_blocked, id=17612, stack(0x000000010ce00000,0x000000010cf00000)]
  0x0000016678420270 JavaThread "Unconstrained build operations Thread 118" [_thread_blocked, id=25384, stack(0x000000010cf00000,0x000000010d000000)]
  0x00000166784211a0 JavaThread "Unconstrained build operations Thread 119" [_thread_blocked, id=4468, stack(0x000000010d000000,0x000000010d100000)]
  0x0000016678423510 JavaThread "Unconstrained build operations Thread 120" [_thread_blocked, id=25548, stack(0x000000010d100000,0x000000010d200000)]
  0x00000166784220d0 JavaThread "jar transforms Thread 4" [_thread_blocked, id=32552, stack(0x000000010d200000,0x000000010d300000)]
  0x0000016678420c90 JavaThread "jar transforms Thread 5" [_thread_blocked, id=21944, stack(0x000000010d300000,0x000000010d400000)]
  0x0000016678420780 JavaThread "jar transforms Thread 6" [_thread_blocked, id=18448, stack(0x000000010d400000,0x000000010d500000)]
  0x0000016678425370 JavaThread "Problems report writer" [_thread_blocked, id=8624, stack(0x000000010d500000,0x000000010d600000)]
  0x0000016678424e60 JavaThread "build event listener" [_thread_blocked, id=18968, stack(0x000000010d600000,0x000000010d700000)]
  0x00000166784267b0 JavaThread "jar transforms Thread 7" [_thread_blocked, id=3196, stack(0x000000010da00000,0x000000010db00000)]
  0x0000016678426cc0 JavaThread "jar transforms Thread 8" [_thread_blocked, id=9008, stack(0x000000010d900000,0x000000010da00000)]
  0x0000016678423a20 JavaThread "jar transforms Thread 9" [_thread_blocked, id=13208, stack(0x000000010db00000,0x000000010dc00000)]
  0x00000166784276e0 JavaThread "jar transforms Thread 10" [_thread_blocked, id=20492, stack(0x000000010dc00000,0x000000010dd00000)]
  0x000001667663f5a0 JavaThread "jar transforms Thread 11" [_thread_blocked, id=19228, stack(0x000000010dd00000,0x000000010de00000)]
  0x000001667663fab0 JavaThread "jar transforms Thread 12" [_thread_blocked, id=6728, stack(0x000000010de00000,0x000000010df00000)]
  0x000001667f63ad00 JavaThread "included builds Thread 2" [_thread_blocked, id=22452, stack(0x0000000100500000,0x0000000100600000)]
  0x00000166784c0030 JavaThread "Cache worker for execution history cache (C:\Users\Nico\Documents\SOFTENG24_05\VIBRO\android\.gradle\8.13\executionHistory)" [_thread_blocked, id=30380, stack(0x0000000106f00000,0x0000000107000000)]
  0x000001661b392960 JavaThread "Exec process" [_thread_blocked, id=23988, stack(0x0000000100100000,0x0000000100200000)]
  0x000001667e1ae530 JavaThread "Exec process Thread 2" [_thread_blocked, id=27908, stack(0x0000000100400000,0x0000000100500000)]
  0x000001667e1adb10 JavaThread "Exec process Thread 3" [_thread_blocked, id=27932, stack(0x0000000107000000,0x0000000107100000)]
  0x000001667e1ab0e0 JavaThread "WorkerExecutor Queue" [_thread_blocked, id=25612, stack(0x0000000107100000,0x0000000107200000)]
  0x000001667e1ab5f0 JavaThread "WorkerExecutor Queue Thread 2" [_thread_blocked, id=20816, stack(0x0000000107200000,0x0000000107300000)]
  0x000001667e1ac520 JavaThread "WorkerExecutor Queue Thread 3" [_thread_blocked, id=25872, stack(0x000000010df00000,0x000000010e000000)]
  0x000001667e1aca30 JavaThread "WorkerExecutor Queue Thread 4" [_thread_blocked, id=19552, stack(0x000000010e000000,0x000000010e100000)]
  0x0000016678d88410 JavaThread "WorkerExecutor Queue Thread 5" [_thread_blocked, id=25784, stack(0x000000010e100000,0x000000010e200000)]
  0x000001661b391f40 JavaThread "WorkerExecutor Queue Thread 6" [_thread_blocked, id=30080, stack(0x000000010e200000,0x000000010e300000)]
  0x000001661b0a9550 JavaThread "WorkerExecutor Queue Thread 7" [_thread_blocked, id=29584, stack(0x000000010e300000,0x000000010e400000)]
  0x000001661b0a8b30 JavaThread "WorkerExecutor Queue Thread 8" [_thread_blocked, id=32196, stack(0x000000010e400000,0x000000010e500000)]
  0x000001661dc9da90 JavaThread "WorkerExecutor Queue Thread 9" [_thread_blocked, id=24612, stack(0x000000010e500000,0x000000010e600000)]
  0x0000016678d86fd0 JavaThread "WorkerExecutor Queue Thread 10" [_thread_blocked, id=19100, stack(0x000000010e600000,0x000000010e700000)]
  0x0000016678d879f0 JavaThread "WorkerExecutor Queue Thread 11" [_thread_blocked, id=25628, stack(0x000000010e700000,0x000000010e800000)]
  0x0000016678d87f00 JavaThread "WorkerExecutor Queue Thread 12" [_thread_blocked, id=25240, stack(0x000000010e800000,0x000000010e900000)]

Other Threads:
  0x000001666f2f4f90 VMThread "VM Thread" [stack: 0x0000000100c00000,0x0000000100d00000] [id=28412] _threads_hazard_ptr=0x000001661c09e590
  0x000001666f501c60 WatcherThread [stack: 0x0000000101800000,0x0000000101900000] [id=25500]
  0x0000016650a922c0 GCTaskThread "GC Thread#0" [stack: 0x0000000100700000,0x0000000100800000] [id=1684]
  0x000001666f699a60 GCTaskThread "GC Thread#1" [stack: 0x0000000101900000,0x0000000101a00000] [id=25952]
  0x000001666f9f9d70 GCTaskThread "GC Thread#2" [stack: 0x0000000101a00000,0x0000000101b00000] [id=8472]
  0x000001666fdf0610 GCTaskThread "GC Thread#3" [stack: 0x0000000101b00000,0x0000000101c00000] [id=18780]
  0x000001666fb60880 GCTaskThread "GC Thread#4" [stack: 0x0000000101c00000,0x0000000101d00000] [id=2076]
  0x00000166755a4200 GCTaskThread "GC Thread#5" [stack: 0x0000000102a00000,0x0000000102b00000] [id=7776]
  0x0000016675957b80 GCTaskThread "GC Thread#6" [stack: 0x0000000102b00000,0x0000000102c00000] [id=30672]
  0x0000016674a35a80 GCTaskThread "GC Thread#7" [stack: 0x0000000102c00000,0x0000000102d00000] [id=12896]
  0x000001667636b0d0 GCTaskThread "GC Thread#8" [stack: 0x0000000102d00000,0x0000000102e00000] [id=17236]
  0x000001667636b390 GCTaskThread "GC Thread#9" [stack: 0x0000000102e00000,0x0000000102f00000] [id=9528]
  0x0000016650aa4230 ConcurrentGCThread "G1 Main Marker" [stack: 0x0000000100800000,0x0000000100900000] [id=22088]
  0x0000016650aa4c50 ConcurrentGCThread "G1 Conc#0" [stack: 0x0000000100900000,0x0000000100a00000] [id=31120]
  0x000001667656b520 ConcurrentGCThread "G1 Conc#1" [stack: 0x0000000103100000,0x0000000103200000] [id=15992]
  0x0000016676569f20 ConcurrentGCThread "G1 Conc#2" [stack: 0x0000000103200000,0x0000000103300000] [id=9388]
  0x000001666f1ac1a0 ConcurrentGCThread "G1 Refine#0" [stack: 0x0000000100a00000,0x0000000100b00000] [id=31700]
  0x000001666f1ad990 ConcurrentGCThread "G1 Service" [stack: 0x0000000100b00000,0x0000000100c00000] [id=2540]

Threads with active compile tasks:
C2 CompilerThread0   121647 27156       4       java.util.zip.DeflaterOutputStream::deflate (36 bytes)
C1 CompilerThread0   121647 27170       1       com.android.zipflinger.Entry::getCdLocation (5 bytes)

VM state: synchronizing (normal execution)

VM Mutex/Monitor currently owned by a thread:  ([mutex/lock_event])
[0x000001664e6c6aa0] Threads_lock - owner thread: 0x000001666f2f4f90
[0x0000016650a324a0] Heap_lock - owner thread: 0x00000166784be6e0

Heap address: 0x0000000080000000, size: 2048 MB, Compressed Oops mode: 32-bit

CDS archive(s) mapped at: [0x0000016600000000-0x0000016600bb0000-0x0000016600bb0000), size 12255232, SharedBaseAddress: 0x0000016600000000, ArchiveRelocationMode: 1.
Compressed class space mapped at: 0x0000016601000000-0x000001661b000000, reserved size: 436207616
Narrow klass base: 0x0000016600000000, Narrow klass shift: 0, Narrow klass range: 0x100000000

GC Precious Log:
 CPUs: 12 total, 12 available
 Memory: 7895M
 Large Page Support: Disabled
 NUMA Support: Disabled
 Compressed Oops: Enabled (32-bit)
 Heap Region Size: 1M
 Heap Min Capacity: 8M
 Heap Initial Capacity: 124M
 Heap Max Capacity: 2G
 Pre-touch: Disabled
 Parallel Workers: 10
 Concurrent Workers: 3
 Concurrent Refinement Workers: 10
 Periodic GC: Disabled

Heap:
 garbage-first heap   total 550912K, used 550041K [0x0000000080000000, 0x0000000100000000)
  region size 1024K, 5 young (5120K), 3 survivors (3072K)
 Metaspace       used 145938K, committed 147840K, reserved 557056K
  class space    used 20294K, committed 21184K, reserved 425984K

Heap Regions: E=young(eden), S=young(survivor), O=old, HS=humongous(starts), HC=humongous(continues), CS=collection set, F=free, OA=open archive, CA=closed archive, TAMS=top-at-mark-start (previous, next)
|   0|0x0000000080000000, 0x0000000080100000, 0x0000000080100000|100%|HS|  |TAMS 0x0000000080100000, 0x0000000080100000| Complete 
|   1|0x0000000080100000, 0x0000000080200000, 0x0000000080200000|100%|HC|  |TAMS 0x0000000080200000, 0x0000000080200000| Complete 
|   2|0x0000000080200000, 0x0000000080300000, 0x0000000080300000|100%|HC|  |TAMS 0x0000000080300000, 0x0000000080300000| Complete 
|   3|0x0000000080300000, 0x0000000080400000, 0x0000000080400000|100%| O|  |TAMS 0x0000000080400000, 0x0000000080400000| Untracked 
|   4|0x0000000080400000, 0x0000000080500000, 0x0000000080500000|100%| O|  |TAMS 0x0000000080500000, 0x0000000080500000| Untracked 
|   5|0x0000000080500000, 0x0000000080600000, 0x0000000080600000|100%| O|  |TAMS 0x0000000080600000, 0x0000000080600000| Untracked 
|   6|0x0000000080600000, 0x0000000080700000, 0x0000000080700000|100%|HS|  |TAMS 0x0000000080700000, 0x0000000080700000| Complete 
|   7|0x0000000080700000, 0x0000000080800000, 0x0000000080800000|100%| O|  |TAMS 0x0000000080800000, 0x0000000080800000| Untracked 
|   8|0x0000000080800000, 0x0000000080900000, 0x0000000080900000|100%| O|  |TAMS 0x0000000080900000, 0x0000000080900000| Untracked 
|   9|0x0000000080900000, 0x0000000080a00000, 0x0000000080a00000|100%| O|  |TAMS 0x0000000080a00000, 0x0000000080a00000| Untracked 
|  10|0x0000000080a00000, 0x0000000080b00000, 0x0000000080b00000|100%| O|  |TAMS 0x0000000080b00000, 0x0000000080b00000| Untracked 
|  11|0x0000000080b00000, 0x0000000080c00000, 0x0000000080c00000|100%| O|  |TAMS 0x0000000080c00000, 0x0000000080c00000| Untracked 
|  12|0x0000000080c00000, 0x0000000080d00000, 0x0000000080d00000|100%| O|  |TAMS 0x0000000080d00000, 0x0000000080d00000| Untracked 
|  13|0x0000000080d00000, 0x0000000080e00000, 0x0000000080e00000|100%| O|  |TAMS 0x0000000080e00000, 0x0000000080e00000| Untracked 
|  14|0x0000000080e00000, 0x0000000080f00000, 0x0000000080f00000|100%| O|  |TAMS 0x0000000080f00000, 0x0000000080f00000| Untracked 
|  15|0x0000000080f00000, 0x0000000081000000, 0x0000000081000000|100%| O|  |TAMS 0x0000000081000000, 0x0000000081000000| Untracked 
|  16|0x0000000081000000, 0x0000000081100000, 0x0000000081100000|100%| O|  |TAMS 0x0000000081100000, 0x0000000081100000| Untracked 
|  17|0x0000000081100000, 0x0000000081200000, 0x0000000081200000|100%| O|  |TAMS 0x0000000081200000, 0x0000000081200000| Untracked 
|  18|0x0000000081200000, 0x0000000081300000, 0x0000000081300000|100%| O|  |TAMS 0x0000000081300000, 0x0000000081300000| Untracked 
|  19|0x0000000081300000, 0x0000000081400000, 0x0000000081400000|100%| O|  |TAMS 0x0000000081400000, 0x0000000081400000| Untracked 
|  20|0x0000000081400000, 0x0000000081500000, 0x0000000081500000|100%| O|  |TAMS 0x0000000081500000, 0x0000000081500000| Untracked 
|  21|0x0000000081500000, 0x0000000081600000, 0x0000000081600000|100%| O|  |TAMS 0x0000000081600000, 0x0000000081600000| Untracked 
|  22|0x0000000081600000, 0x0000000081700000, 0x0000000081700000|100%| O|  |TAMS 0x0000000081700000, 0x0000000081700000| Untracked 
|  23|0x0000000081700000, 0x0000000081800000, 0x0000000081800000|100%| O|  |TAMS 0x0000000081800000, 0x0000000081800000| Untracked 
|  24|0x0000000081800000, 0x0000000081900000, 0x0000000081900000|100%| O|  |TAMS 0x0000000081900000, 0x0000000081900000| Untracked 
|  25|0x0000000081900000, 0x0000000081a00000, 0x0000000081a00000|100%| O|  |TAMS 0x0000000081a00000, 0x0000000081a00000| Untracked 
|  26|0x0000000081a00000, 0x0000000081b00000, 0x0000000081b00000|100%| O|  |TAMS 0x0000000081b00000, 0x0000000081b00000| Untracked 
|  27|0x0000000081b00000, 0x0000000081c00000, 0x0000000081c00000|100%| O|  |TAMS 0x0000000081c00000, 0x0000000081c00000| Untracked 
|  28|0x0000000081c00000, 0x0000000081d00000, 0x0000000081d00000|100%| O|  |TAMS 0x0000000081d00000, 0x0000000081d00000| Untracked 
|  29|0x0000000081d00000, 0x0000000081e00000, 0x0000000081e00000|100%| O|  |TAMS 0x0000000081e00000, 0x0000000081e00000| Untracked 
|  30|0x0000000081e00000, 0x0000000081f00000, 0x0000000081f00000|100%| O|  |TAMS 0x0000000081f00000, 0x0000000081f00000| Untracked 
|  31|0x0000000081f00000, 0x0000000082000000, 0x0000000082000000|100%| O|  |TAMS 0x0000000082000000, 0x0000000082000000| Untracked 
|  32|0x0000000082000000, 0x0000000082100000, 0x0000000082100000|100%| O|  |TAMS 0x0000000082100000, 0x0000000082100000| Untracked 
|  33|0x0000000082100000, 0x0000000082200000, 0x0000000082200000|100%| O|  |TAMS 0x0000000082200000, 0x0000000082200000| Untracked 
|  34|0x0000000082200000, 0x0000000082300000, 0x0000000082300000|100%| O|  |TAMS 0x0000000082300000, 0x0000000082300000| Untracked 
|  35|0x0000000082300000, 0x0000000082400000, 0x0000000082400000|100%| O|  |TAMS 0x0000000082400000, 0x0000000082400000| Untracked 
|  36|0x0000000082400000, 0x0000000082500000, 0x0000000082500000|100%| O|  |TAMS 0x0000000082500000, 0x0000000082500000| Untracked 
|  37|0x0000000082500000, 0x0000000082600000, 0x0000000082600000|100%| O|  |TAMS 0x0000000082600000, 0x0000000082600000| Untracked 
|  38|0x0000000082600000, 0x0000000082700000, 0x0000000082700000|100%| O|  |TAMS 0x0000000082700000, 0x0000000082700000| Untracked 
|  39|0x0000000082700000, 0x0000000082800000, 0x0000000082800000|100%| O|  |TAMS 0x0000000082800000, 0x0000000082800000| Untracked 
|  40|0x0000000082800000, 0x0000000082900000, 0x0000000082900000|100%| O|  |TAMS 0x0000000082900000, 0x0000000082900000| Untracked 
|  41|0x0000000082900000, 0x0000000082a00000, 0x0000000082a00000|100%| O|  |TAMS 0x0000000082a00000, 0x0000000082a00000| Untracked 
|  42|0x0000000082a00000, 0x0000000082b00000, 0x0000000082b00000|100%| O|  |TAMS 0x0000000082b00000, 0x0000000082b00000| Untracked 
|  43|0x0000000082b00000, 0x0000000082c00000, 0x0000000082c00000|100%| O|  |TAMS 0x0000000082c00000, 0x0000000082c00000| Untracked 
|  44|0x0000000082c00000, 0x0000000082d00000, 0x0000000082d00000|100%|HS|  |TAMS 0x0000000082d00000, 0x0000000082d00000| Complete 
|  45|0x0000000082d00000, 0x0000000082e00000, 0x0000000082e00000|100%|HS|  |TAMS 0x0000000082e00000, 0x0000000082e00000| Complete 
|  46|0x0000000082e00000, 0x0000000082f00000, 0x0000000082f00000|100%|HC|  |TAMS 0x0000000082f00000, 0x0000000082f00000| Complete 
|  47|0x0000000082f00000, 0x0000000083000000, 0x0000000083000000|100%|HS|  |TAMS 0x0000000083000000, 0x0000000083000000| Complete 
|  48|0x0000000083000000, 0x0000000083100000, 0x0000000083100000|100%|HC|  |TAMS 0x0000000083100000, 0x0000000083100000| Complete 
|  49|0x0000000083100000, 0x0000000083200000, 0x0000000083200000|100%|HC|  |TAMS 0x0000000083200000, 0x0000000083200000| Complete 
|  50|0x0000000083200000, 0x0000000083300000, 0x0000000083300000|100%|HS|  |TAMS 0x0000000083300000, 0x0000000083300000| Complete 
|  51|0x0000000083300000, 0x0000000083400000, 0x0000000083400000|100%|HC|  |TAMS 0x0000000083400000, 0x0000000083400000| Complete 
|  52|0x0000000083400000, 0x0000000083500000, 0x0000000083500000|100%|HS|  |TAMS 0x0000000083400000, 0x0000000083500000| Complete 
|  53|0x0000000083500000, 0x0000000083600000, 0x0000000083600000|100%| O|  |TAMS 0x0000000083600000, 0x0000000083600000| Untracked 
|  54|0x0000000083600000, 0x0000000083700000, 0x0000000083700000|100%| O|  |TAMS 0x0000000083700000, 0x0000000083700000| Untracked 
|  55|0x0000000083700000, 0x0000000083800000, 0x0000000083800000|100%| O|  |TAMS 0x0000000083800000, 0x0000000083800000| Untracked 
|  56|0x0000000083800000, 0x0000000083900000, 0x0000000083900000|100%| O|  |TAMS 0x0000000083900000, 0x0000000083900000| Untracked 
|  57|0x0000000083900000, 0x0000000083a00000, 0x0000000083a00000|100%|HS|  |TAMS 0x0000000083a00000, 0x0000000083a00000| Complete 
|  58|0x0000000083a00000, 0x0000000083b00000, 0x0000000083b00000|100%|HC|  |TAMS 0x0000000083b00000, 0x0000000083b00000| Complete 
|  59|0x0000000083b00000, 0x0000000083c00000, 0x0000000083c00000|100%|HC|  |TAMS 0x0000000083c00000, 0x0000000083c00000| Complete 
|  60|0x0000000083c00000, 0x0000000083d00000, 0x0000000083d00000|100%| O|  |TAMS 0x0000000083d00000, 0x0000000083d00000| Untracked 
|  61|0x0000000083d00000, 0x0000000083e00000, 0x0000000083e00000|100%| O|  |TAMS 0x0000000083e00000, 0x0000000083e00000| Untracked 
|  62|0x0000000083e00000, 0x0000000083f00000, 0x0000000083f00000|100%| O|  |TAMS 0x0000000083f00000, 0x0000000083f00000| Untracked 
|  63|0x0000000083f00000, 0x0000000084000000, 0x0000000084000000|100%| O|  |TAMS 0x0000000084000000, 0x0000000084000000| Untracked 
|  64|0x0000000084000000, 0x0000000084100000, 0x0000000084100000|100%| O|  |TAMS 0x0000000084100000, 0x0000000084100000| Untracked 
|  65|0x0000000084100000, 0x0000000084200000, 0x0000000084200000|100%| O|  |TAMS 0x0000000084200000, 0x0000000084200000| Untracked 
|  66|0x0000000084200000, 0x0000000084300000, 0x0000000084300000|100%| O|  |TAMS 0x0000000084300000, 0x0000000084300000| Untracked 
|  67|0x0000000084300000, 0x0000000084400000, 0x0000000084400000|100%|HS|  |TAMS 0x0000000084300000, 0x0000000084400000| Complete 
|  68|0x0000000084400000, 0x0000000084500000, 0x0000000084500000|100%|HS|  |TAMS 0x0000000084400000, 0x0000000084500000| Complete 
|  69|0x0000000084500000, 0x0000000084600000, 0x0000000084600000|100%| O|  |TAMS 0x0000000084600000, 0x0000000084600000| Untracked 
|  70|0x0000000084600000, 0x0000000084700000, 0x0000000084700000|100%| O|  |TAMS 0x0000000084700000, 0x0000000084700000| Untracked 
|  71|0x0000000084700000, 0x0000000084800000, 0x0000000084800000|100%| O|  |TAMS 0x0000000084800000, 0x0000000084800000| Untracked 
|  72|0x0000000084800000, 0x0000000084900000, 0x0000000084900000|100%| O|  |TAMS 0x0000000084900000, 0x0000000084900000| Untracked 
|  73|0x0000000084900000, 0x0000000084a00000, 0x0000000084a00000|100%| O|  |TAMS 0x0000000084a00000, 0x0000000084a00000| Untracked 
|  74|0x0000000084a00000, 0x0000000084b00000, 0x0000000084b00000|100%| O|  |TAMS 0x0000000084b00000, 0x0000000084b00000| Untracked 
|  75|0x0000000084b00000, 0x0000000084c00000, 0x0000000084c00000|100%| O|  |TAMS 0x0000000084c00000, 0x0000000084c00000| Untracked 
|  76|0x0000000084c00000, 0x0000000084d00000, 0x0000000084d00000|100%|HS|  |TAMS 0x0000000084d00000, 0x0000000084d00000| Complete 
|  77|0x0000000084d00000, 0x0000000084e00000, 0x0000000084e00000|100%|HS|  |TAMS 0x0000000084e00000, 0x0000000084e00000| Complete 
|  78|0x0000000084e00000, 0x0000000084f00000, 0x0000000084f00000|100%|HS|  |TAMS 0x0000000084f00000, 0x0000000084f00000| Complete 
|  79|0x0000000084f00000, 0x0000000085000000, 0x0000000085000000|100%|HS|  |TAMS 0x0000000085000000, 0x0000000085000000| Complete 
|  80|0x0000000085000000, 0x0000000085100000, 0x0000000085100000|100%|HS|  |TAMS 0x0000000085100000, 0x0000000085100000| Complete 
|  81|0x0000000085100000, 0x0000000085200000, 0x0000000085200000|100%| O|  |TAMS 0x0000000085200000, 0x0000000085200000| Untracked 
|  82|0x0000000085200000, 0x0000000085300000, 0x0000000085300000|100%| O|  |TAMS 0x0000000085300000, 0x0000000085300000| Untracked 
|  83|0x0000000085300000, 0x0000000085400000, 0x0000000085400000|100%| O|  |TAMS 0x0000000085400000, 0x0000000085400000| Untracked 
|  84|0x0000000085400000, 0x0000000085500000, 0x0000000085500000|100%| O|  |TAMS 0x0000000085500000, 0x0000000085500000| Untracked 
|  85|0x0000000085500000, 0x0000000085600000, 0x0000000085600000|100%| O|  |TAMS 0x0000000085600000, 0x0000000085600000| Untracked 
|  86|0x0000000085600000, 0x0000000085700000, 0x0000000085700000|100%| O|  |TAMS 0x0000000085700000, 0x0000000085700000| Untracked 
|  87|0x0000000085700000, 0x0000000085800000, 0x0000000085800000|100%| O|  |TAMS 0x0000000085800000, 0x0000000085800000| Untracked 
|  88|0x0000000085800000, 0x0000000085900000, 0x0000000085900000|100%|HS|  |TAMS 0x0000000085900000, 0x0000000085900000| Complete 
|  89|0x0000000085900000, 0x0000000085a00000, 0x0000000085a00000|100%|HC|  |TAMS 0x0000000085a00000, 0x0000000085a00000| Complete 
|  90|0x0000000085a00000, 0x0000000085b00000, 0x0000000085b00000|100%| O|  |TAMS 0x0000000085b00000, 0x0000000085b00000| Untracked 
|  91|0x0000000085b00000, 0x0000000085c00000, 0x0000000085c00000|100%| O|  |TAMS 0x0000000085c00000, 0x0000000085c00000| Untracked 
|  92|0x0000000085c00000, 0x0000000085d00000, 0x0000000085d00000|100%|HS|  |TAMS 0x0000000085d00000, 0x0000000085d00000| Complete 
|  93|0x0000000085d00000, 0x0000000085e00000, 0x0000000085e00000|100%| O|  |TAMS 0x0000000085e00000, 0x0000000085e00000| Untracked 
|  94|0x0000000085e00000, 0x0000000085f00000, 0x0000000085f00000|100%| O|  |TAMS 0x0000000085f00000, 0x0000000085f00000| Untracked 
|  95|0x0000000085f00000, 0x0000000086000000, 0x0000000086000000|100%| O|  |TAMS 0x0000000086000000, 0x0000000086000000| Untracked 
|  96|0x0000000086000000, 0x0000000086100000, 0x0000000086100000|100%| O|  |TAMS 0x0000000086100000, 0x0000000086100000| Untracked 
|  97|0x0000000086100000, 0x0000000086200000, 0x0000000086200000|100%| O|  |TAMS 0x0000000086200000, 0x0000000086200000| Untracked 
|  98|0x0000000086200000, 0x0000000086300000, 0x0000000086300000|100%| O|  |TAMS 0x0000000086300000, 0x0000000086300000| Untracked 
|  99|0x0000000086300000, 0x0000000086400000, 0x0000000086400000|100%| O|  |TAMS 0x0000000086400000, 0x0000000086400000| Untracked 
| 100|0x0000000086400000, 0x0000000086500000, 0x0000000086500000|100%| O|  |TAMS 0x0000000086400000, 0x0000000086500000| Untracked 
| 101|0x0000000086500000, 0x0000000086600000, 0x0000000086600000|100%| O|  |TAMS 0x0000000086600000, 0x0000000086600000| Untracked 
| 102|0x0000000086600000, 0x0000000086700000, 0x0000000086700000|100%| O|  |TAMS 0x0000000086700000, 0x0000000086700000| Untracked 
| 103|0x0000000086700000, 0x0000000086800000, 0x0000000086800000|100%| O|  |TAMS 0x0000000086800000, 0x0000000086800000| Untracked 
| 104|0x0000000086800000, 0x0000000086900000, 0x0000000086900000|100%| O|  |TAMS 0x0000000086900000, 0x0000000086900000| Untracked 
| 105|0x0000000086900000, 0x0000000086a00000, 0x0000000086a00000|100%| O|  |TAMS 0x0000000086a00000, 0x0000000086a00000| Untracked 
| 106|0x0000000086a00000, 0x0000000086b00000, 0x0000000086b00000|100%| O|  |TAMS 0x0000000086b00000, 0x0000000086b00000| Untracked 
| 107|0x0000000086b00000, 0x0000000086c00000, 0x0000000086c00000|100%| O|  |TAMS 0x0000000086c00000, 0x0000000086c00000| Untracked 
| 108|0x0000000086c00000, 0x0000000086d00000, 0x0000000086d00000|100%| O|  |TAMS 0x0000000086d00000, 0x0000000086d00000| Untracked 
| 109|0x0000000086d00000, 0x0000000086e00000, 0x0000000086e00000|100%| O|  |TAMS 0x0000000086e00000, 0x0000000086e00000| Untracked 
| 110|0x0000000086e00000, 0x0000000086f00000, 0x0000000086f00000|100%| O|  |TAMS 0x0000000086f00000, 0x0000000086f00000| Untracked 
| 111|0x0000000086f00000, 0x0000000087000000, 0x0000000087000000|100%| O|  |TAMS 0x0000000087000000, 0x0000000087000000| Untracked 
| 112|0x0000000087000000, 0x0000000087100000, 0x0000000087100000|100%| O|  |TAMS 0x0000000087100000, 0x0000000087100000| Untracked 
| 113|0x0000000087100000, 0x0000000087200000, 0x0000000087200000|100%| O|  |TAMS 0x0000000087200000, 0x0000000087200000| Untracked 
| 114|0x0000000087200000, 0x0000000087300000, 0x0000000087300000|100%| O|  |TAMS 0x0000000087300000, 0x0000000087300000| Untracked 
| 115|0x0000000087300000, 0x0000000087400000, 0x0000000087400000|100%| O|  |TAMS 0x0000000087400000, 0x0000000087400000| Untracked 
| 116|0x0000000087400000, 0x0000000087500000, 0x0000000087500000|100%| O|  |TAMS 0x0000000087500000, 0x0000000087500000| Untracked 
| 117|0x0000000087500000, 0x0000000087600000, 0x0000000087600000|100%| O|  |TAMS 0x0000000087600000, 0x0000000087600000| Untracked 
| 118|0x0000000087600000, 0x0000000087700000, 0x0000000087700000|100%| O|  |TAMS 0x0000000087700000, 0x0000000087700000| Untracked 
| 119|0x0000000087700000, 0x0000000087800000, 0x0000000087800000|100%| O|  |TAMS 0x0000000087800000, 0x0000000087800000| Untracked 
| 120|0x0000000087800000, 0x0000000087900000, 0x0000000087900000|100%| O|  |TAMS 0x0000000087900000, 0x0000000087900000| Untracked 
| 121|0x0000000087900000, 0x0000000087a00000, 0x0000000087a00000|100%| O|  |TAMS 0x0000000087a00000, 0x0000000087a00000| Untracked 
| 122|0x0000000087a00000, 0x0000000087b00000, 0x0000000087b00000|100%| O|  |TAMS 0x0000000087b00000, 0x0000000087b00000| Untracked 
| 123|0x0000000087b00000, 0x0000000087c00000, 0x0000000087c00000|100%| O|  |TAMS 0x0000000087c00000, 0x0000000087c00000| Untracked 
| 124|0x0000000087c00000, 0x0000000087d00000, 0x0000000087d00000|100%| O|  |TAMS 0x0000000087d00000, 0x0000000087d00000| Untracked 
| 125|0x0000000087d00000, 0x0000000087e00000, 0x0000000087e00000|100%| O|  |TAMS 0x0000000087e00000, 0x0000000087e00000| Untracked 
| 126|0x0000000087e00000, 0x0000000087f00000, 0x0000000087f00000|100%| O|  |TAMS 0x0000000087f00000, 0x0000000087f00000| Untracked 
| 127|0x0000000087f00000, 0x0000000088000000, 0x0000000088000000|100%| O|  |TAMS 0x0000000088000000, 0x0000000088000000| Untracked 
| 128|0x0000000088000000, 0x0000000088100000, 0x0000000088100000|100%| O|  |TAMS 0x0000000088100000, 0x0000000088100000| Untracked 
| 129|0x0000000088100000, 0x0000000088200000, 0x0000000088200000|100%| O|  |TAMS 0x0000000088137800, 0x0000000088200000| Untracked 
| 130|0x0000000088200000, 0x0000000088300000, 0x0000000088300000|100%| O|  |TAMS 0x0000000088200000, 0x0000000088300000| Untracked 
| 131|0x0000000088300000, 0x0000000088400000, 0x0000000088400000|100%| O|  |TAMS 0x0000000088300000, 0x0000000088400000| Untracked 
| 132|0x0000000088400000, 0x0000000088500000, 0x0000000088500000|100%| O|  |TAMS 0x0000000088400000, 0x0000000088500000| Untracked 
| 133|0x0000000088500000, 0x0000000088600000, 0x0000000088600000|100%| O|  |TAMS 0x0000000088500000, 0x0000000088600000| Untracked 
| 134|0x0000000088600000, 0x0000000088700000, 0x0000000088700000|100%| O|  |TAMS 0x0000000088600000, 0x0000000088700000| Untracked 
| 135|0x0000000088700000, 0x0000000088800000, 0x0000000088800000|100%| O|  |TAMS 0x0000000088700000, 0x0000000088800000| Untracked 
| 136|0x0000000088800000, 0x0000000088900000, 0x0000000088900000|100%| O|  |TAMS 0x0000000088800000, 0x0000000088900000| Untracked 
| 137|0x0000000088900000, 0x0000000088a00000, 0x0000000088a00000|100%| O|  |TAMS 0x0000000088900000, 0x0000000088a00000| Untracked 
| 138|0x0000000088a00000, 0x0000000088b00000, 0x0000000088b00000|100%| O|  |TAMS 0x0000000088a00000, 0x0000000088b00000| Untracked 
| 139|0x0000000088b00000, 0x0000000088c00000, 0x0000000088c00000|100%| O|  |TAMS 0x0000000088b00000, 0x0000000088c00000| Untracked 
| 140|0x0000000088c00000, 0x0000000088d00000, 0x0000000088d00000|100%| O|  |TAMS 0x0000000088c00000, 0x0000000088d00000| Untracked 
| 141|0x0000000088d00000, 0x0000000088e00000, 0x0000000088e00000|100%| O|  |TAMS 0x0000000088d00000, 0x0000000088e00000| Untracked 
| 142|0x0000000088e00000, 0x0000000088f00000, 0x0000000088f00000|100%| O|  |TAMS 0x0000000088e00000, 0x0000000088f00000| Untracked 
| 143|0x0000000088f00000, 0x0000000089000000, 0x0000000089000000|100%| O|  |TAMS 0x0000000088f00000, 0x0000000089000000| Untracked 
| 144|0x0000000089000000, 0x0000000089100000, 0x0000000089100000|100%| O|  |TAMS 0x0000000089000000, 0x0000000089100000| Untracked 
| 145|0x0000000089100000, 0x0000000089200000, 0x0000000089200000|100%| O|  |TAMS 0x0000000089100000, 0x0000000089200000| Untracked 
| 146|0x0000000089200000, 0x0000000089300000, 0x0000000089300000|100%| O|  |TAMS 0x0000000089200000, 0x0000000089300000| Untracked 
| 147|0x0000000089300000, 0x0000000089400000, 0x0000000089400000|100%| O|  |TAMS 0x0000000089300000, 0x0000000089400000| Untracked 
| 148|0x0000000089400000, 0x0000000089500000, 0x0000000089500000|100%| O|  |TAMS 0x0000000089400000, 0x0000000089500000| Untracked 
| 149|0x0000000089500000, 0x0000000089600000, 0x0000000089600000|100%| O|  |TAMS 0x0000000089500000, 0x0000000089600000| Untracked 
| 150|0x0000000089600000, 0x0000000089700000, 0x0000000089700000|100%| O|  |TAMS 0x0000000089600000, 0x0000000089700000| Untracked 
| 151|0x0000000089700000, 0x0000000089800000, 0x0000000089800000|100%| O|  |TAMS 0x0000000089700000, 0x0000000089800000| Untracked 
| 152|0x0000000089800000, 0x0000000089900000, 0x0000000089900000|100%| O|  |TAMS 0x0000000089800000, 0x0000000089900000| Untracked 
| 153|0x0000000089900000, 0x0000000089a00000, 0x0000000089a00000|100%| O|  |TAMS 0x0000000089900000, 0x0000000089a00000| Untracked 
| 154|0x0000000089a00000, 0x0000000089b00000, 0x0000000089b00000|100%| O|  |TAMS 0x0000000089a00000, 0x0000000089b00000| Untracked 
| 155|0x0000000089b00000, 0x0000000089c00000, 0x0000000089c00000|100%| O|  |TAMS 0x0000000089b00000, 0x0000000089c00000| Untracked 
| 156|0x0000000089c00000, 0x0000000089d00000, 0x0000000089d00000|100%| O|  |TAMS 0x0000000089c00000, 0x0000000089d00000| Untracked 
| 157|0x0000000089d00000, 0x0000000089e00000, 0x0000000089e00000|100%| O|  |TAMS 0x0000000089d00000, 0x0000000089e00000| Untracked 
| 158|0x0000000089e00000, 0x0000000089f00000, 0x0000000089f00000|100%| O|  |TAMS 0x0000000089e00000, 0x0000000089f00000| Untracked 
| 159|0x0000000089f00000, 0x000000008a000000, 0x000000008a000000|100%| O|  |TAMS 0x0000000089f00000, 0x000000008a000000| Untracked 
| 160|0x000000008a000000, 0x000000008a100000, 0x000000008a100000|100%| O|  |TAMS 0x000000008a000000, 0x000000008a100000| Untracked 
| 161|0x000000008a100000, 0x000000008a200000, 0x000000008a200000|100%| O|  |TAMS 0x000000008a100000, 0x000000008a200000| Untracked 
| 162|0x000000008a200000, 0x000000008a300000, 0x000000008a300000|100%| O|  |TAMS 0x000000008a200000, 0x000000008a300000| Untracked 
| 163|0x000000008a300000, 0x000000008a400000, 0x000000008a400000|100%| O|  |TAMS 0x000000008a300000, 0x000000008a400000| Untracked 
| 164|0x000000008a400000, 0x000000008a500000, 0x000000008a500000|100%| O|  |TAMS 0x000000008a400000, 0x000000008a500000| Untracked 
| 165|0x000000008a500000, 0x000000008a600000, 0x000000008a600000|100%|HS|  |TAMS 0x000000008a500000, 0x000000008a600000| Complete 
| 166|0x000000008a600000, 0x000000008a700000, 0x000000008a700000|100%|HS|  |TAMS 0x000000008a600000, 0x000000008a700000| Complete 
| 167|0x000000008a700000, 0x000000008a800000, 0x000000008a800000|100%|HS|  |TAMS 0x000000008a700000, 0x000000008a800000| Complete 
| 168|0x000000008a800000, 0x000000008a900000, 0x000000008a900000|100%| O|  |TAMS 0x000000008a800000, 0x000000008a900000| Untracked 
| 169|0x000000008a900000, 0x000000008aa00000, 0x000000008aa00000|100%| O|  |TAMS 0x000000008a900000, 0x000000008aa00000| Untracked 
| 170|0x000000008aa00000, 0x000000008ab00000, 0x000000008ab00000|100%| O|  |TAMS 0x000000008aa00000, 0x000000008ab00000| Untracked 
| 171|0x000000008ab00000, 0x000000008ac00000, 0x000000008ac00000|100%| O|  |TAMS 0x000000008ab00000, 0x000000008ac00000| Untracked 
| 172|0x000000008ac00000, 0x000000008ad00000, 0x000000008ad00000|100%| O|  |TAMS 0x000000008ac00000, 0x000000008ad00000| Untracked 
| 173|0x000000008ad00000, 0x000000008ae00000, 0x000000008ae00000|100%| O|  |TAMS 0x000000008ad00000, 0x000000008ae00000| Untracked 
| 174|0x000000008ae00000, 0x000000008af00000, 0x000000008af00000|100%| O|  |TAMS 0x000000008ae00000, 0x000000008af00000| Untracked 
| 175|0x000000008af00000, 0x000000008b000000, 0x000000008b000000|100%| O|  |TAMS 0x000000008af00000, 0x000000008b000000| Untracked 
| 176|0x000000008b000000, 0x000000008b100000, 0x000000008b100000|100%| O|  |TAMS 0x000000008b000000, 0x000000008b100000| Untracked 
| 177|0x000000008b100000, 0x000000008b200000, 0x000000008b200000|100%| O|  |TAMS 0x000000008b100000, 0x000000008b200000| Untracked 
| 178|0x000000008b200000, 0x000000008b300000, 0x000000008b300000|100%| O|  |TAMS 0x000000008b200000, 0x000000008b300000| Untracked 
| 179|0x000000008b300000, 0x000000008b400000, 0x000000008b400000|100%| O|  |TAMS 0x000000008b300000, 0x000000008b400000| Untracked 
| 180|0x000000008b400000, 0x000000008b500000, 0x000000008b500000|100%| O|  |TAMS 0x000000008b400000, 0x000000008b500000| Untracked 
| 181|0x000000008b500000, 0x000000008b600000, 0x000000008b600000|100%| O|  |TAMS 0x000000008b500000, 0x000000008b600000| Untracked 
| 182|0x000000008b600000, 0x000000008b700000, 0x000000008b700000|100%| O|  |TAMS 0x000000008b600000, 0x000000008b700000| Untracked 
| 183|0x000000008b700000, 0x000000008b800000, 0x000000008b800000|100%| O|  |TAMS 0x000000008b700000, 0x000000008b800000| Untracked 
| 184|0x000000008b800000, 0x000000008b900000, 0x000000008b900000|100%| O|  |TAMS 0x000000008b800000, 0x000000008b900000| Untracked 
| 185|0x000000008b900000, 0x000000008ba00000, 0x000000008ba00000|100%| O|  |TAMS 0x000000008b900000, 0x000000008ba00000| Untracked 
| 186|0x000000008ba00000, 0x000000008bb00000, 0x000000008bb00000|100%| O|  |TAMS 0x000000008ba00000, 0x000000008bb00000| Untracked 
| 187|0x000000008bb00000, 0x000000008bc00000, 0x000000008bc00000|100%| O|  |TAMS 0x000000008bb00000, 0x000000008bc00000| Untracked 
| 188|0x000000008bc00000, 0x000000008bd00000, 0x000000008bd00000|100%| O|  |TAMS 0x000000008bc00000, 0x000000008bd00000| Untracked 
| 189|0x000000008bd00000, 0x000000008be00000, 0x000000008be00000|100%| O|  |TAMS 0x000000008bd00000, 0x000000008be00000| Untracked 
| 190|0x000000008be00000, 0x000000008bf00000, 0x000000008bf00000|100%| O|  |TAMS 0x000000008be00000, 0x000000008bf00000| Untracked 
| 191|0x000000008bf00000, 0x000000008c000000, 0x000000008c000000|100%| O|  |TAMS 0x000000008bf00000, 0x000000008c000000| Untracked 
| 192|0x000000008c000000, 0x000000008c100000, 0x000000008c100000|100%| O|  |TAMS 0x000000008c000000, 0x000000008c100000| Untracked 
| 193|0x000000008c100000, 0x000000008c200000, 0x000000008c200000|100%| O|  |TAMS 0x000000008c100000, 0x000000008c200000| Untracked 
| 194|0x000000008c200000, 0x000000008c300000, 0x000000008c300000|100%| O|  |TAMS 0x000000008c200000, 0x000000008c300000| Untracked 
| 195|0x000000008c300000, 0x000000008c400000, 0x000000008c400000|100%| O|  |TAMS 0x000000008c300000, 0x000000008c400000| Untracked 
| 196|0x000000008c400000, 0x000000008c500000, 0x000000008c500000|100%| O|  |TAMS 0x000000008c400000, 0x000000008c500000| Untracked 
| 197|0x000000008c500000, 0x000000008c600000, 0x000000008c600000|100%| O|  |TAMS 0x000000008c500000, 0x000000008c600000| Untracked 
| 198|0x000000008c600000, 0x000000008c700000, 0x000000008c700000|100%| O|  |TAMS 0x000000008c600000, 0x000000008c700000| Untracked 
| 199|0x000000008c700000, 0x000000008c800000, 0x000000008c800000|100%| O|  |TAMS 0x000000008c700000, 0x000000008c800000| Untracked 
| 200|0x000000008c800000, 0x000000008c900000, 0x000000008c900000|100%| O|  |TAMS 0x000000008c800000, 0x000000008c900000| Untracked 
| 201|0x000000008c900000, 0x000000008ca00000, 0x000000008ca00000|100%| O|  |TAMS 0x000000008c900000, 0x000000008ca00000| Untracked 
| 202|0x000000008ca00000, 0x000000008cb00000, 0x000000008cb00000|100%| O|  |TAMS 0x000000008ca00000, 0x000000008cb00000| Untracked 
| 203|0x000000008cb00000, 0x000000008cc00000, 0x000000008cc00000|100%| O|  |TAMS 0x000000008cb00000, 0x000000008cc00000| Untracked 
| 204|0x000000008cc00000, 0x000000008cd00000, 0x000000008cd00000|100%| O|  |TAMS 0x000000008cc00000, 0x000000008cd00000| Untracked 
| 205|0x000000008cd00000, 0x000000008ce00000, 0x000000008ce00000|100%| O|  |TAMS 0x000000008cd00000, 0x000000008ce00000| Untracked 
| 206|0x000000008ce00000, 0x000000008cf00000, 0x000000008cf00000|100%| O|  |TAMS 0x000000008ce00000, 0x000000008cf00000| Untracked 
| 207|0x000000008cf00000, 0x000000008d000000, 0x000000008d000000|100%| O|  |TAMS 0x000000008cf00000, 0x000000008d000000| Untracked 
| 208|0x000000008d000000, 0x000000008d100000, 0x000000008d100000|100%|HS|  |TAMS 0x000000008d000000, 0x000000008d100000| Complete 
| 209|0x000000008d100000, 0x000000008d200000, 0x000000008d200000|100%|HS|  |TAMS 0x000000008d100000, 0x000000008d200000| Complete 
| 210|0x000000008d200000, 0x000000008d300000, 0x000000008d300000|100%| O|  |TAMS 0x000000008d200000, 0x000000008d300000| Untracked 
| 211|0x000000008d300000, 0x000000008d400000, 0x000000008d400000|100%|HS|  |TAMS 0x000000008d300000, 0x000000008d400000| Complete 
| 212|0x000000008d400000, 0x000000008d500000, 0x000000008d500000|100%|HC|  |TAMS 0x000000008d400000, 0x000000008d500000| Complete 
| 213|0x000000008d500000, 0x000000008d600000, 0x000000008d600000|100%| O|  |TAMS 0x000000008d500000, 0x000000008d600000| Untracked 
| 214|0x000000008d600000, 0x000000008d700000, 0x000000008d700000|100%| O|  |TAMS 0x000000008d600000, 0x000000008d700000| Untracked 
| 215|0x000000008d700000, 0x000000008d800000, 0x000000008d800000|100%| O|  |TAMS 0x000000008d700000, 0x000000008d800000| Untracked 
| 216|0x000000008d800000, 0x000000008d900000, 0x000000008d900000|100%| O|  |TAMS 0x000000008d800000, 0x000000008d900000| Untracked 
| 217|0x000000008d900000, 0x000000008da00000, 0x000000008da00000|100%| O|  |TAMS 0x000000008d900000, 0x000000008da00000| Untracked 
| 218|0x000000008da00000, 0x000000008db00000, 0x000000008db00000|100%| O|  |TAMS 0x000000008da00000, 0x000000008db00000| Untracked 
| 219|0x000000008db00000, 0x000000008dc00000, 0x000000008dc00000|100%| O|  |TAMS 0x000000008db00000, 0x000000008dc00000| Untracked 
| 220|0x000000008dc00000, 0x000000008dd00000, 0x000000008dd00000|100%| O|  |TAMS 0x000000008dc00000, 0x000000008dd00000| Untracked 
| 221|0x000000008dd00000, 0x000000008de00000, 0x000000008de00000|100%| O|  |TAMS 0x000000008dd00000, 0x000000008de00000| Untracked 
| 222|0x000000008de00000, 0x000000008df00000, 0x000000008df00000|100%| O|  |TAMS 0x000000008de00000, 0x000000008df00000| Untracked 
| 223|0x000000008df00000, 0x000000008e000000, 0x000000008e000000|100%| O|  |TAMS 0x000000008df00000, 0x000000008e000000| Untracked 
| 224|0x000000008e000000, 0x000000008e100000, 0x000000008e100000|100%| O|  |TAMS 0x000000008e000000, 0x000000008e100000| Untracked 
| 225|0x000000008e100000, 0x000000008e200000, 0x000000008e200000|100%| O|  |TAMS 0x000000008e100000, 0x000000008e200000| Untracked 
| 226|0x000000008e200000, 0x000000008e300000, 0x000000008e300000|100%| O|  |TAMS 0x000000008e200000, 0x000000008e300000| Untracked 
| 227|0x000000008e300000, 0x000000008e400000, 0x000000008e400000|100%| O|  |TAMS 0x000000008e300000, 0x000000008e400000| Untracked 
| 228|0x000000008e400000, 0x000000008e500000, 0x000000008e500000|100%| O|  |TAMS 0x000000008e400000, 0x000000008e500000| Untracked 
| 229|0x000000008e500000, 0x000000008e600000, 0x000000008e600000|100%| O|  |TAMS 0x000000008e500000, 0x000000008e600000| Untracked 
| 230|0x000000008e600000, 0x000000008e700000, 0x000000008e700000|100%| O|  |TAMS 0x000000008e600000, 0x000000008e700000| Untracked 
| 231|0x000000008e700000, 0x000000008e800000, 0x000000008e800000|100%| O|  |TAMS 0x000000008e700000, 0x000000008e800000| Untracked 
| 232|0x000000008e800000, 0x000000008e900000, 0x000000008e900000|100%| O|  |TAMS 0x000000008e800000, 0x000000008e900000| Untracked 
| 233|0x000000008e900000, 0x000000008ea00000, 0x000000008ea00000|100%| O|  |TAMS 0x000000008e900000, 0x000000008ea00000| Untracked 
| 234|0x000000008ea00000, 0x000000008eb00000, 0x000000008eb00000|100%| O|  |TAMS 0x000000008ea00000, 0x000000008eb00000| Untracked 
| 235|0x000000008eb00000, 0x000000008ec00000, 0x000000008ec00000|100%|HS|  |TAMS 0x000000008eb00000, 0x000000008ec00000| Complete 
| 236|0x000000008ec00000, 0x000000008ed00000, 0x000000008ed00000|100%|HS|  |TAMS 0x000000008ec00000, 0x000000008ed00000| Complete 
| 237|0x000000008ed00000, 0x000000008ee00000, 0x000000008ee00000|100%| O|  |TAMS 0x000000008ed00000, 0x000000008ee00000| Untracked 
| 238|0x000000008ee00000, 0x000000008ef00000, 0x000000008ef00000|100%| O|  |TAMS 0x000000008ee00000, 0x000000008ef00000| Untracked 
| 239|0x000000008ef00000, 0x000000008f000000, 0x000000008f000000|100%| O|  |TAMS 0x000000008ef00000, 0x000000008f000000| Untracked 
| 240|0x000000008f000000, 0x000000008f100000, 0x000000008f100000|100%| O|  |TAMS 0x000000008f000000, 0x000000008f100000| Untracked 
| 241|0x000000008f100000, 0x000000008f200000, 0x000000008f200000|100%| O|  |TAMS 0x000000008f100000, 0x000000008f200000| Untracked 
| 242|0x000000008f200000, 0x000000008f300000, 0x000000008f300000|100%| O|  |TAMS 0x000000008f200000, 0x000000008f300000| Untracked 
| 243|0x000000008f300000, 0x000000008f400000, 0x000000008f400000|100%| O|  |TAMS 0x000000008f300000, 0x000000008f400000| Untracked 
| 244|0x000000008f400000, 0x000000008f500000, 0x000000008f500000|100%| O|  |TAMS 0x000000008f400000, 0x000000008f500000| Untracked 
| 245|0x000000008f500000, 0x000000008f600000, 0x000000008f600000|100%| O|  |TAMS 0x000000008f500000, 0x000000008f600000| Untracked 
| 246|0x000000008f600000, 0x000000008f700000, 0x000000008f700000|100%| O|  |TAMS 0x000000008f600000, 0x000000008f700000| Untracked 
| 247|0x000000008f700000, 0x000000008f800000, 0x000000008f800000|100%| O|  |TAMS 0x000000008f700000, 0x000000008f800000| Untracked 
| 248|0x000000008f800000, 0x000000008f900000, 0x000000008f900000|100%| O|  |TAMS 0x000000008f800000, 0x000000008f900000| Untracked 
| 249|0x000000008f900000, 0x000000008fa00000, 0x000000008fa00000|100%| O|  |TAMS 0x000000008f900000, 0x000000008fa00000| Untracked 
| 250|0x000000008fa00000, 0x000000008fb00000, 0x000000008fb00000|100%| O|  |TAMS 0x000000008fa00000, 0x000000008fb00000| Untracked 
| 251|0x000000008fb00000, 0x000000008fc00000, 0x000000008fc00000|100%| O|  |TAMS 0x000000008fb00000, 0x000000008fc00000| Untracked 
| 252|0x000000008fc00000, 0x000000008fd00000, 0x000000008fd00000|100%| O|  |TAMS 0x000000008fc00000, 0x000000008fd00000| Untracked 
| 253|0x000000008fd00000, 0x000000008fe00000, 0x000000008fe00000|100%| O|  |TAMS 0x000000008fd00000, 0x000000008fe00000| Untracked 
| 254|0x000000008fe00000, 0x000000008ff00000, 0x000000008ff00000|100%| O|  |TAMS 0x000000008fe00000, 0x000000008ff00000| Untracked 
| 255|0x000000008ff00000, 0x0000000090000000, 0x0000000090000000|100%| O|  |TAMS 0x000000008ff00000, 0x0000000090000000| Untracked 
| 256|0x0000000090000000, 0x0000000090100000, 0x0000000090100000|100%| O|  |TAMS 0x0000000090000000, 0x0000000090100000| Untracked 
| 257|0x0000000090100000, 0x0000000090200000, 0x0000000090200000|100%| O|  |TAMS 0x0000000090100000, 0x0000000090200000| Untracked 
| 258|0x0000000090200000, 0x0000000090300000, 0x0000000090300000|100%| O|  |TAMS 0x0000000090200000, 0x0000000090300000| Untracked 
| 259|0x0000000090300000, 0x0000000090400000, 0x0000000090400000|100%| O|  |TAMS 0x0000000090300000, 0x0000000090400000| Untracked 
| 260|0x0000000090400000, 0x0000000090500000, 0x0000000090500000|100%| O|  |TAMS 0x0000000090400000, 0x0000000090500000| Untracked 
| 261|0x0000000090500000, 0x0000000090600000, 0x0000000090600000|100%| O|  |TAMS 0x0000000090500000, 0x0000000090600000| Untracked 
| 262|0x0000000090600000, 0x0000000090700000, 0x0000000090700000|100%| O|  |TAMS 0x0000000090600000, 0x0000000090700000| Untracked 
| 263|0x0000000090700000, 0x0000000090800000, 0x0000000090800000|100%| O|  |TAMS 0x0000000090700000, 0x0000000090800000| Untracked 
| 264|0x0000000090800000, 0x0000000090900000, 0x0000000090900000|100%| O|  |TAMS 0x0000000090800000, 0x0000000090900000| Untracked 
| 265|0x0000000090900000, 0x0000000090a00000, 0x0000000090a00000|100%| O|  |TAMS 0x0000000090900000, 0x0000000090a00000| Untracked 
| 266|0x0000000090a00000, 0x0000000090b00000, 0x0000000090b00000|100%| O|  |TAMS 0x0000000090a00000, 0x0000000090b00000| Untracked 
| 267|0x0000000090b00000, 0x0000000090c00000, 0x0000000090c00000|100%| O|  |TAMS 0x0000000090b00000, 0x0000000090c00000| Untracked 
| 268|0x0000000090c00000, 0x0000000090d00000, 0x0000000090d00000|100%| O|  |TAMS 0x0000000090c00000, 0x0000000090d00000| Untracked 
| 269|0x0000000090d00000, 0x0000000090e00000, 0x0000000090e00000|100%| O|  |TAMS 0x0000000090d00000, 0x0000000090e00000| Untracked 
| 270|0x0000000090e00000, 0x0000000090f00000, 0x0000000090f00000|100%| O|  |TAMS 0x0000000090e00000, 0x0000000090f00000| Untracked 
| 271|0x0000000090f00000, 0x0000000091000000, 0x0000000091000000|100%| O|  |TAMS 0x0000000090f00000, 0x0000000091000000| Untracked 
| 272|0x0000000091000000, 0x0000000091100000, 0x0000000091100000|100%| O|  |TAMS 0x0000000091000000, 0x0000000091100000| Untracked 
| 273|0x0000000091100000, 0x0000000091200000, 0x0000000091200000|100%| O|  |TAMS 0x0000000091100000, 0x0000000091200000| Untracked 
| 274|0x0000000091200000, 0x0000000091300000, 0x0000000091300000|100%| O|  |TAMS 0x0000000091200000, 0x0000000091300000| Untracked 
| 275|0x0000000091300000, 0x0000000091400000, 0x0000000091400000|100%| O|  |TAMS 0x0000000091300000, 0x0000000091400000| Untracked 
| 276|0x0000000091400000, 0x0000000091500000, 0x0000000091500000|100%| O|  |TAMS 0x0000000091400000, 0x0000000091500000| Untracked 
| 277|0x0000000091500000, 0x0000000091600000, 0x0000000091600000|100%| O|  |TAMS 0x0000000091500000, 0x0000000091600000| Untracked 
| 278|0x0000000091600000, 0x0000000091700000, 0x0000000091700000|100%| O|  |TAMS 0x0000000091600000, 0x0000000091700000| Untracked 
| 279|0x0000000091700000, 0x0000000091800000, 0x0000000091800000|100%| O|  |TAMS 0x0000000091700000, 0x0000000091800000| Untracked 
| 280|0x0000000091800000, 0x0000000091900000, 0x0000000091900000|100%| O|  |TAMS 0x0000000091800000, 0x0000000091900000| Untracked 
| 281|0x0000000091900000, 0x0000000091a00000, 0x0000000091a00000|100%| O|  |TAMS 0x0000000091900000, 0x0000000091a00000| Untracked 
| 282|0x0000000091a00000, 0x0000000091b00000, 0x0000000091b00000|100%| O|  |TAMS 0x0000000091a00000, 0x0000000091b00000| Untracked 
| 283|0x0000000091b00000, 0x0000000091c00000, 0x0000000091c00000|100%| O|  |TAMS 0x0000000091b00000, 0x0000000091c00000| Untracked 
| 284|0x0000000091c00000, 0x0000000091d00000, 0x0000000091d00000|100%| O|  |TAMS 0x0000000091c00000, 0x0000000091d00000| Untracked 
| 285|0x0000000091d00000, 0x0000000091e00000, 0x0000000091e00000|100%| O|  |TAMS 0x0000000091d00000, 0x0000000091e00000| Untracked 
| 286|0x0000000091e00000, 0x0000000091f00000, 0x0000000091f00000|100%| O|  |TAMS 0x0000000091e00000, 0x0000000091f00000| Untracked 
| 287|0x0000000091f00000, 0x0000000092000000, 0x0000000092000000|100%| O|  |TAMS 0x0000000091f00000, 0x0000000092000000| Untracked 
| 288|0x0000000092000000, 0x0000000092100000, 0x0000000092100000|100%| O|  |TAMS 0x0000000092000000, 0x0000000092100000| Untracked 
| 289|0x0000000092100000, 0x0000000092200000, 0x0000000092200000|100%| O|  |TAMS 0x0000000092100000, 0x0000000092200000| Untracked 
| 290|0x0000000092200000, 0x0000000092300000, 0x0000000092300000|100%| O|  |TAMS 0x0000000092200000, 0x0000000092300000| Untracked 
| 291|0x0000000092300000, 0x0000000092400000, 0x0000000092400000|100%| O|  |TAMS 0x0000000092300000, 0x0000000092400000| Untracked 
| 292|0x0000000092400000, 0x0000000092500000, 0x0000000092500000|100%| O|  |TAMS 0x0000000092400000, 0x0000000092500000| Untracked 
| 293|0x0000000092500000, 0x0000000092600000, 0x0000000092600000|100%| O|  |TAMS 0x0000000092500000, 0x0000000092600000| Untracked 
| 294|0x0000000092600000, 0x0000000092700000, 0x0000000092700000|100%| O|  |TAMS 0x0000000092600000, 0x0000000092700000| Untracked 
| 295|0x0000000092700000, 0x0000000092800000, 0x0000000092800000|100%| O|  |TAMS 0x0000000092700000, 0x0000000092800000| Untracked 
| 296|0x0000000092800000, 0x0000000092900000, 0x0000000092900000|100%| O|  |TAMS 0x0000000092800000, 0x0000000092900000| Untracked 
| 297|0x0000000092900000, 0x0000000092a00000, 0x0000000092a00000|100%| O|  |TAMS 0x0000000092900000, 0x0000000092a00000| Untracked 
| 298|0x0000000092a00000, 0x0000000092b00000, 0x0000000092b00000|100%| O|  |TAMS 0x0000000092a00000, 0x0000000092b00000| Untracked 
| 299|0x0000000092b00000, 0x0000000092c00000, 0x0000000092c00000|100%| O|  |TAMS 0x0000000092b00000, 0x0000000092c00000| Untracked 
| 300|0x0000000092c00000, 0x0000000092d00000, 0x0000000092d00000|100%| O|  |TAMS 0x0000000092c00000, 0x0000000092d00000| Untracked 
| 301|0x0000000092d00000, 0x0000000092e00000, 0x0000000092e00000|100%| O|  |TAMS 0x0000000092d00000, 0x0000000092e00000| Untracked 
| 302|0x0000000092e00000, 0x0000000092f00000, 0x0000000092f00000|100%| O|  |TAMS 0x0000000092e00000, 0x0000000092f00000| Untracked 
| 303|0x0000000092f00000, 0x0000000093000000, 0x0000000093000000|100%| O|  |TAMS 0x0000000092f00000, 0x0000000093000000| Untracked 
| 304|0x0000000093000000, 0x0000000093100000, 0x0000000093100000|100%| O|  |TAMS 0x0000000093000000, 0x0000000093100000| Untracked 
| 305|0x0000000093100000, 0x0000000093200000, 0x0000000093200000|100%| O|  |TAMS 0x0000000093100000, 0x0000000093200000| Untracked 
| 306|0x0000000093200000, 0x0000000093300000, 0x0000000093300000|100%| O|  |TAMS 0x0000000093200000, 0x0000000093300000| Untracked 
| 307|0x0000000093300000, 0x0000000093400000, 0x0000000093400000|100%| O|  |TAMS 0x0000000093300000, 0x0000000093400000| Untracked 
| 308|0x0000000093400000, 0x0000000093500000, 0x0000000093500000|100%| O|  |TAMS 0x0000000093400000, 0x0000000093500000| Untracked 
| 309|0x0000000093500000, 0x0000000093600000, 0x0000000093600000|100%| O|  |TAMS 0x0000000093500000, 0x0000000093600000| Untracked 
| 310|0x0000000093600000, 0x0000000093700000, 0x0000000093700000|100%| O|  |TAMS 0x0000000093600000, 0x0000000093700000| Untracked 
| 311|0x0000000093700000, 0x0000000093800000, 0x0000000093800000|100%|HS|  |TAMS 0x0000000093700000, 0x0000000093800000| Complete 
| 312|0x0000000093800000, 0x0000000093900000, 0x0000000093900000|100%|HC|  |TAMS 0x0000000093800000, 0x0000000093900000| Complete 
| 313|0x0000000093900000, 0x0000000093a00000, 0x0000000093a00000|100%|HC|  |TAMS 0x0000000093900000, 0x0000000093a00000| Complete 
| 314|0x0000000093a00000, 0x0000000093b00000, 0x0000000093b00000|100%|HC|  |TAMS 0x0000000093a00000, 0x0000000093b00000| Complete 
| 315|0x0000000093b00000, 0x0000000093c00000, 0x0000000093c00000|100%|HC|  |TAMS 0x0000000093b00000, 0x0000000093c00000| Complete 
| 316|0x0000000093c00000, 0x0000000093d00000, 0x0000000093d00000|100%|HC|  |TAMS 0x0000000093c00000, 0x0000000093d00000| Complete 
| 317|0x0000000093d00000, 0x0000000093e00000, 0x0000000093e00000|100%|HC|  |TAMS 0x0000000093d00000, 0x0000000093e00000| Complete 
| 318|0x0000000093e00000, 0x0000000093f00000, 0x0000000093f00000|100%|HC|  |TAMS 0x0000000093e00000, 0x0000000093f00000| Complete 
| 319|0x0000000093f00000, 0x0000000094000000, 0x0000000094000000|100%|HC|  |TAMS 0x0000000093f00000, 0x0000000094000000| Complete 
| 320|0x0000000094000000, 0x0000000094100000, 0x0000000094100000|100%|HC|  |TAMS 0x0000000094000000, 0x0000000094100000| Complete 
| 321|0x0000000094100000, 0x0000000094200000, 0x0000000094200000|100%|HC|  |TAMS 0x0000000094100000, 0x0000000094200000| Complete 
| 322|0x0000000094200000, 0x0000000094300000, 0x0000000094300000|100%|HS|  |TAMS 0x0000000094200000, 0x0000000094300000| Complete 
| 323|0x0000000094300000, 0x0000000094400000, 0x0000000094400000|100%|HC|  |TAMS 0x0000000094300000, 0x0000000094400000| Complete 
| 324|0x0000000094400000, 0x0000000094500000, 0x0000000094500000|100%|HC|  |TAMS 0x0000000094400000, 0x0000000094500000| Complete 
| 325|0x0000000094500000, 0x0000000094600000, 0x0000000094600000|100%|HC|  |TAMS 0x0000000094500000, 0x0000000094600000| Complete 
| 326|0x0000000094600000, 0x0000000094700000, 0x0000000094700000|100%|HC|  |TAMS 0x0000000094600000, 0x0000000094700000| Complete 
| 327|0x0000000094700000, 0x0000000094800000, 0x0000000094800000|100%|HS|  |TAMS 0x0000000094700000, 0x0000000094800000| Complete 
| 328|0x0000000094800000, 0x0000000094900000, 0x0000000094900000|100%|HC|  |TAMS 0x0000000094800000, 0x0000000094900000| Complete 
| 329|0x0000000094900000, 0x0000000094a00000, 0x0000000094a00000|100%|HC|  |TAMS 0x0000000094900000, 0x0000000094a00000| Complete 
| 330|0x0000000094a00000, 0x0000000094b00000, 0x0000000094b00000|100%| O|  |TAMS 0x0000000094a00000, 0x0000000094b00000| Untracked 
| 331|0x0000000094b00000, 0x0000000094c00000, 0x0000000094c00000|100%| O|  |TAMS 0x0000000094b00000, 0x0000000094c00000| Untracked 
| 332|0x0000000094c00000, 0x0000000094d00000, 0x0000000094d00000|100%| O|  |TAMS 0x0000000094c00000, 0x0000000094d00000| Untracked 
| 333|0x0000000094d00000, 0x0000000094e00000, 0x0000000094e00000|100%| O|  |TAMS 0x0000000094d00000, 0x0000000094d4a000| Untracked 
| 334|0x0000000094e00000, 0x0000000094f00000, 0x0000000094f00000|100%|HS|  |TAMS 0x0000000094e00000, 0x0000000094f00000| Complete 
| 335|0x0000000094f00000, 0x0000000095000000, 0x0000000095000000|100%|HS|  |TAMS 0x0000000094f00000, 0x0000000095000000| Complete 
| 336|0x0000000095000000, 0x0000000095100000, 0x0000000095100000|100%|HC|  |TAMS 0x0000000095000000, 0x0000000095100000| Complete 
| 337|0x0000000095100000, 0x0000000095200000, 0x0000000095200000|100%|HC|  |TAMS 0x0000000095100000, 0x0000000095200000| Complete 
| 338|0x0000000095200000, 0x0000000095300000, 0x0000000095300000|100%|HC|  |TAMS 0x0000000095200000, 0x0000000095300000| Complete 
| 339|0x0000000095300000, 0x0000000095400000, 0x0000000095400000|100%|HC|  |TAMS 0x0000000095300000, 0x0000000095400000| Complete 
| 340|0x0000000095400000, 0x0000000095500000, 0x0000000095500000|100%|HC|  |TAMS 0x0000000095400000, 0x0000000095500000| Complete 
| 341|0x0000000095500000, 0x0000000095600000, 0x0000000095600000|100%|HC|  |TAMS 0x0000000095500000, 0x0000000095600000| Complete 
| 342|0x0000000095600000, 0x0000000095700000, 0x0000000095700000|100%|HC|  |TAMS 0x0000000095600000, 0x0000000095700000| Complete 
| 343|0x0000000095700000, 0x0000000095800000, 0x0000000095800000|100%|HC|  |TAMS 0x0000000095700000, 0x0000000095800000| Complete 
| 344|0x0000000095800000, 0x0000000095900000, 0x0000000095900000|100%|HC|  |TAMS 0x0000000095800000, 0x0000000095900000| Complete 
| 345|0x0000000095900000, 0x0000000095a00000, 0x0000000095a00000|100%|HS|  |TAMS 0x0000000095900000, 0x0000000095a00000| Complete 
| 346|0x0000000095a00000, 0x0000000095b00000, 0x0000000095b00000|100%|HS|  |TAMS 0x0000000095a00000, 0x0000000095b00000| Complete 
| 347|0x0000000095b00000, 0x0000000095c00000, 0x0000000095c00000|100%|HC|  |TAMS 0x0000000095b00000, 0x0000000095c00000| Complete 
| 348|0x0000000095c00000, 0x0000000095d00000, 0x0000000095d00000|100%|HC|  |TAMS 0x0000000095c00000, 0x0000000095d00000| Complete 
| 349|0x0000000095d00000, 0x0000000095e00000, 0x0000000095e00000|100%|HS|  |TAMS 0x0000000095d00000, 0x0000000095e00000| Complete 
| 350|0x0000000095e00000, 0x0000000095f00000, 0x0000000095f00000|100%|HC|  |TAMS 0x0000000095e00000, 0x0000000095f00000| Complete 
| 351|0x0000000095f00000, 0x0000000096000000, 0x0000000096000000|100%|HC|  |TAMS 0x0000000095f00000, 0x0000000096000000| Complete 
| 352|0x0000000096000000, 0x0000000096100000, 0x0000000096100000|100%|HC|  |TAMS 0x0000000096000000, 0x0000000096100000| Complete 
| 353|0x0000000096100000, 0x0000000096200000, 0x0000000096200000|100%|HS|  |TAMS 0x0000000096100000, 0x0000000096200000| Complete 
| 354|0x0000000096200000, 0x0000000096300000, 0x0000000096300000|100%|HS|  |TAMS 0x0000000096200000, 0x0000000096300000| Complete 
| 355|0x0000000096300000, 0x0000000096400000, 0x0000000096400000|100%| O|  |TAMS 0x0000000096300000, 0x0000000096300000| Untracked 
| 356|0x0000000096400000, 0x0000000096500000, 0x0000000096500000|100%| O|  |TAMS 0x0000000096400000, 0x0000000096400000| Untracked 
| 357|0x0000000096500000, 0x0000000096600000, 0x0000000096600000|100%| O|  |TAMS 0x0000000096500000, 0x0000000096500000| Untracked 
| 358|0x0000000096600000, 0x0000000096700000, 0x0000000096700000|100%| O|  |TAMS 0x0000000096600000, 0x0000000096600000| Untracked 
| 359|0x0000000096700000, 0x0000000096800000, 0x0000000096800000|100%|HS|  |TAMS 0x0000000096700000, 0x0000000096700000| Complete 
| 360|0x0000000096800000, 0x0000000096900000, 0x0000000096900000|100%|HC|  |TAMS 0x0000000096800000, 0x0000000096800000| Complete 
| 361|0x0000000096900000, 0x0000000096a00000, 0x0000000096a00000|100%|HC|  |TAMS 0x0000000096900000, 0x0000000096900000| Complete 
| 362|0x0000000096a00000, 0x0000000096b00000, 0x0000000096b00000|100%|HS|  |TAMS 0x0000000096a00000, 0x0000000096a00000| Complete 
| 363|0x0000000096b00000, 0x0000000096c00000, 0x0000000096c00000|100%|HC|  |TAMS 0x0000000096b00000, 0x0000000096b00000| Complete 
| 364|0x0000000096c00000, 0x0000000096d00000, 0x0000000096d00000|100%|HC|  |TAMS 0x0000000096c00000, 0x0000000096c00000| Complete 
| 365|0x0000000096d00000, 0x0000000096e00000, 0x0000000096e00000|100%|HS|  |TAMS 0x0000000096d00000, 0x0000000096d00000| Complete 
| 366|0x0000000096e00000, 0x0000000096f00000, 0x0000000096f00000|100%|HC|  |TAMS 0x0000000096e00000, 0x0000000096e00000| Complete 
| 367|0x0000000096f00000, 0x0000000097000000, 0x0000000097000000|100%|HS|  |TAMS 0x0000000096f00000, 0x0000000096f00000| Complete 
| 368|0x0000000097000000, 0x0000000097100000, 0x0000000097100000|100%|HC|  |TAMS 0x0000000097000000, 0x0000000097000000| Complete 
| 369|0x0000000097100000, 0x0000000097200000, 0x0000000097200000|100%|HC|  |TAMS 0x0000000097100000, 0x0000000097100000| Complete 
| 370|0x0000000097200000, 0x0000000097300000, 0x0000000097300000|100%|HS|  |TAMS 0x0000000097200000, 0x0000000097200000| Complete 
| 371|0x0000000097300000, 0x0000000097400000, 0x0000000097400000|100%|HC|  |TAMS 0x0000000097300000, 0x0000000097300000| Complete 
| 372|0x0000000097400000, 0x0000000097500000, 0x0000000097500000|100%|HS|  |TAMS 0x0000000097400000, 0x0000000097400000| Complete 
| 373|0x0000000097500000, 0x0000000097600000, 0x0000000097600000|100%|HC|  |TAMS 0x0000000097500000, 0x0000000097500000| Complete 
| 374|0x0000000097600000, 0x0000000097700000, 0x0000000097700000|100%|HC|  |TAMS 0x0000000097600000, 0x0000000097600000| Complete 
| 375|0x0000000097700000, 0x0000000097800000, 0x0000000097800000|100%|HC|  |TAMS 0x0000000097700000, 0x0000000097700000| Complete 
| 376|0x0000000097800000, 0x0000000097900000, 0x0000000097900000|100%|HC|  |TAMS 0x0000000097800000, 0x0000000097800000| Complete 
| 377|0x0000000097900000, 0x0000000097a00000, 0x0000000097a00000|100%|HC|  |TAMS 0x0000000097900000, 0x0000000097900000| Complete 
| 378|0x0000000097a00000, 0x0000000097b00000, 0x0000000097b00000|100%|HC|  |TAMS 0x0000000097a00000, 0x0000000097a00000| Complete 
| 379|0x0000000097b00000, 0x0000000097c00000, 0x0000000097c00000|100%|HC|  |TAMS 0x0000000097b00000, 0x0000000097b00000| Complete 
| 380|0x0000000097c00000, 0x0000000097d00000, 0x0000000097d00000|100%|HC|  |TAMS 0x0000000097c00000, 0x0000000097c00000| Complete 
| 381|0x0000000097d00000, 0x0000000097e00000, 0x0000000097e00000|100%|HC|  |TAMS 0x0000000097d00000, 0x0000000097d00000| Complete 
| 382|0x0000000097e00000, 0x0000000097f00000, 0x0000000097f00000|100%|HC|  |TAMS 0x0000000097e00000, 0x0000000097e00000| Complete 
| 383|0x0000000097f00000, 0x0000000098000000, 0x0000000098000000|100%|HS|  |TAMS 0x0000000097f00000, 0x0000000097f00000| Complete 
| 384|0x0000000098000000, 0x0000000098100000, 0x0000000098100000|100%|HS|  |TAMS 0x0000000098000000, 0x0000000098000000| Complete 
| 385|0x0000000098100000, 0x0000000098200000, 0x0000000098200000|100%|HC|  |TAMS 0x0000000098100000, 0x0000000098100000| Complete 
| 386|0x0000000098200000, 0x0000000098300000, 0x0000000098300000|100%|HS|  |TAMS 0x0000000098200000, 0x0000000098200000| Complete 
| 387|0x0000000098300000, 0x0000000098400000, 0x0000000098400000|100%|HC|  |TAMS 0x0000000098300000, 0x0000000098300000| Complete 
| 388|0x0000000098400000, 0x0000000098500000, 0x0000000098500000|100%|HC|  |TAMS 0x0000000098400000, 0x0000000098400000| Complete 
| 389|0x0000000098500000, 0x0000000098600000, 0x0000000098600000|100%|HS|  |TAMS 0x0000000098500000, 0x0000000098500000| Complete 
| 390|0x0000000098600000, 0x0000000098700000, 0x0000000098700000|100%|HS|  |TAMS 0x0000000098600000, 0x0000000098600000| Complete 
| 391|0x0000000098700000, 0x0000000098800000, 0x0000000098800000|100%|HC|  |TAMS 0x0000000098700000, 0x0000000098700000| Complete 
| 392|0x0000000098800000, 0x0000000098900000, 0x0000000098900000|100%|HC|  |TAMS 0x0000000098800000, 0x0000000098800000| Complete 
| 393|0x0000000098900000, 0x0000000098a00000, 0x0000000098a00000|100%|HC|  |TAMS 0x0000000098900000, 0x0000000098900000| Complete 
| 394|0x0000000098a00000, 0x0000000098b00000, 0x0000000098b00000|100%|HC|  |TAMS 0x0000000098a00000, 0x0000000098a00000| Complete 
| 395|0x0000000098b00000, 0x0000000098c00000, 0x0000000098c00000|100%|HC|  |TAMS 0x0000000098b00000, 0x0000000098b00000| Complete 
| 396|0x0000000098c00000, 0x0000000098d00000, 0x0000000098d00000|100%|HS|  |TAMS 0x0000000098c00000, 0x0000000098c00000| Complete 
| 397|0x0000000098d00000, 0x0000000098e00000, 0x0000000098e00000|100%|HS|  |TAMS 0x0000000098d00000, 0x0000000098d00000| Complete 
| 398|0x0000000098e00000, 0x0000000098f00000, 0x0000000098f00000|100%|HC|  |TAMS 0x0000000098e00000, 0x0000000098e00000| Complete 
| 399|0x0000000098f00000, 0x0000000099000000, 0x0000000099000000|100%|HS|  |TAMS 0x0000000098f00000, 0x0000000098f00000| Complete 
| 400|0x0000000099000000, 0x0000000099100000, 0x0000000099100000|100%|HS|  |TAMS 0x0000000099000000, 0x0000000099000000| Complete 
| 401|0x0000000099100000, 0x0000000099200000, 0x0000000099200000|100%|HC|  |TAMS 0x0000000099100000, 0x0000000099100000| Complete 
| 402|0x0000000099200000, 0x0000000099300000, 0x0000000099300000|100%|HC|  |TAMS 0x0000000099200000, 0x0000000099200000| Complete 
| 403|0x0000000099300000, 0x0000000099400000, 0x0000000099400000|100%|HC|  |TAMS 0x0000000099300000, 0x0000000099300000| Complete 
| 404|0x0000000099400000, 0x0000000099500000, 0x0000000099500000|100%|HC|  |TAMS 0x0000000099400000, 0x0000000099400000| Complete 
| 405|0x0000000099500000, 0x0000000099600000, 0x0000000099600000|100%|HS|  |TAMS 0x0000000099500000, 0x0000000099500000| Complete 
| 406|0x0000000099600000, 0x0000000099700000, 0x0000000099700000|100%|HC|  |TAMS 0x0000000099600000, 0x0000000099600000| Complete 
| 407|0x0000000099700000, 0x0000000099800000, 0x0000000099800000|100%|HS|  |TAMS 0x0000000099700000, 0x0000000099700000| Complete 
| 408|0x0000000099800000, 0x0000000099900000, 0x0000000099900000|100%|HS|  |TAMS 0x0000000099800000, 0x0000000099800000| Complete 
| 409|0x0000000099900000, 0x0000000099a00000, 0x0000000099a00000|100%|HC|  |TAMS 0x0000000099900000, 0x0000000099900000| Complete 
| 410|0x0000000099a00000, 0x0000000099b00000, 0x0000000099b00000|100%|HS|  |TAMS 0x0000000099a00000, 0x0000000099a00000| Complete 
| 411|0x0000000099b00000, 0x0000000099c00000, 0x0000000099c00000|100%|HS|  |TAMS 0x0000000099b00000, 0x0000000099b00000| Complete 
| 412|0x0000000099c00000, 0x0000000099d00000, 0x0000000099d00000|100%|HC|  |TAMS 0x0000000099c00000, 0x0000000099c00000| Complete 
| 413|0x0000000099d00000, 0x0000000099e00000, 0x0000000099e00000|100%|HC|  |TAMS 0x0000000099d00000, 0x0000000099d00000| Complete 
| 414|0x0000000099e00000, 0x0000000099f00000, 0x0000000099f00000|100%|HS|  |TAMS 0x0000000099e00000, 0x0000000099e00000| Complete 
| 415|0x0000000099f00000, 0x000000009a000000, 0x000000009a000000|100%|HC|  |TAMS 0x0000000099f00000, 0x0000000099f00000| Complete 
| 416|0x000000009a000000, 0x000000009a100000, 0x000000009a100000|100%|HC|  |TAMS 0x000000009a000000, 0x000000009a000000| Complete 
| 417|0x000000009a100000, 0x000000009a200000, 0x000000009a200000|100%|HC|  |TAMS 0x000000009a100000, 0x000000009a100000| Complete 
| 418|0x000000009a200000, 0x000000009a300000, 0x000000009a300000|100%|HS|  |TAMS 0x000000009a200000, 0x000000009a200000| Complete 
| 419|0x000000009a300000, 0x000000009a400000, 0x000000009a400000|100%|HC|  |TAMS 0x000000009a300000, 0x000000009a300000| Complete 
| 420|0x000000009a400000, 0x000000009a500000, 0x000000009a500000|100%|HC|  |TAMS 0x000000009a400000, 0x000000009a400000| Complete 
| 421|0x000000009a500000, 0x000000009a600000, 0x000000009a600000|100%|HS|  |TAMS 0x000000009a500000, 0x000000009a500000| Complete 
| 422|0x000000009a600000, 0x000000009a700000, 0x000000009a700000|100%|HC|  |TAMS 0x000000009a600000, 0x000000009a600000| Complete 
| 423|0x000000009a700000, 0x000000009a800000, 0x000000009a800000|100%|HC|  |TAMS 0x000000009a700000, 0x000000009a700000| Complete 
| 424|0x000000009a800000, 0x000000009a900000, 0x000000009a900000|100%|HC|  |TAMS 0x000000009a800000, 0x000000009a800000| Complete 
| 425|0x000000009a900000, 0x000000009aa00000, 0x000000009aa00000|100%|HC|  |TAMS 0x000000009a900000, 0x000000009a900000| Complete 
| 426|0x000000009aa00000, 0x000000009ab00000, 0x000000009ab00000|100%|HS|  |TAMS 0x000000009aa00000, 0x000000009aa00000| Complete 
| 427|0x000000009ab00000, 0x000000009ac00000, 0x000000009ac00000|100%|HS|  |TAMS 0x000000009ab00000, 0x000000009ab00000| Complete 
| 428|0x000000009ac00000, 0x000000009ad00000, 0x000000009ad00000|100%|HS|  |TAMS 0x000000009ac00000, 0x000000009ac00000| Complete 
| 429|0x000000009ad00000, 0x000000009ae00000, 0x000000009ae00000|100%|HC|  |TAMS 0x000000009ad00000, 0x000000009ad00000| Complete 
| 430|0x000000009ae00000, 0x000000009af00000, 0x000000009af00000|100%|HC|  |TAMS 0x000000009ae00000, 0x000000009ae00000| Complete 
| 431|0x000000009af00000, 0x000000009b000000, 0x000000009b000000|100%|HC|  |TAMS 0x000000009af00000, 0x000000009af00000| Complete 
| 432|0x000000009b000000, 0x000000009b100000, 0x000000009b100000|100%|HS|  |TAMS 0x000000009b000000, 0x000000009b000000| Complete 
| 433|0x000000009b100000, 0x000000009b200000, 0x000000009b200000|100%|HC|  |TAMS 0x000000009b100000, 0x000000009b100000| Complete 
| 434|0x000000009b200000, 0x000000009b300000, 0x000000009b300000|100%|HC|  |TAMS 0x000000009b200000, 0x000000009b200000| Complete 
| 435|0x000000009b300000, 0x000000009b400000, 0x000000009b400000|100%|HC|  |TAMS 0x000000009b300000, 0x000000009b300000| Complete 
| 436|0x000000009b400000, 0x000000009b500000, 0x000000009b500000|100%|HC|  |TAMS 0x000000009b400000, 0x000000009b400000| Complete 
| 437|0x000000009b500000, 0x000000009b600000, 0x000000009b600000|100%|HC|  |TAMS 0x000000009b500000, 0x000000009b500000| Complete 
| 438|0x000000009b600000, 0x000000009b700000, 0x000000009b700000|100%|HC|  |TAMS 0x000000009b600000, 0x000000009b600000| Complete 
| 439|0x000000009b700000, 0x000000009b800000, 0x000000009b800000|100%|HC|  |TAMS 0x000000009b700000, 0x000000009b700000| Complete 
| 440|0x000000009b800000, 0x000000009b900000, 0x000000009b900000|100%|HC|  |TAMS 0x000000009b800000, 0x000000009b800000| Complete 
| 441|0x000000009b900000, 0x000000009ba00000, 0x000000009ba00000|100%|HC|  |TAMS 0x000000009b900000, 0x000000009b900000| Complete 
| 442|0x000000009ba00000, 0x000000009bb00000, 0x000000009bb00000|100%|HS|  |TAMS 0x000000009ba00000, 0x000000009ba00000| Complete 
| 443|0x000000009bb00000, 0x000000009bc00000, 0x000000009bc00000|100%|HC|  |TAMS 0x000000009bb00000, 0x000000009bb00000| Complete 
| 444|0x000000009bc00000, 0x000000009bd00000, 0x000000009bd00000|100%|HC|  |TAMS 0x000000009bc00000, 0x000000009bc00000| Complete 
| 445|0x000000009bd00000, 0x000000009be00000, 0x000000009be00000|100%|HC|  |TAMS 0x000000009bd00000, 0x000000009bd00000| Complete 
| 446|0x000000009be00000, 0x000000009bf00000, 0x000000009bf00000|100%|HC|  |TAMS 0x000000009be00000, 0x000000009be00000| Complete 
| 447|0x000000009bf00000, 0x000000009c000000, 0x000000009c000000|100%|HC|  |TAMS 0x000000009bf00000, 0x000000009bf00000| Complete 
| 448|0x000000009c000000, 0x000000009c100000, 0x000000009c100000|100%| S|CS|TAMS 0x000000009c000000, 0x000000009c000000| Complete 
| 449|0x000000009c100000, 0x000000009c200000, 0x000000009c200000|100%| S|CS|TAMS 0x000000009c100000, 0x000000009c100000| Complete 
| 450|0x000000009c200000, 0x000000009c2b5e08, 0x000000009c300000| 71%| S|CS|TAMS 0x000000009c200000, 0x000000009c200000| Complete 
| 451|0x000000009c300000, 0x000000009c400000, 0x000000009c400000|100%|HS|  |TAMS 0x000000009c300000, 0x000000009c300000| Complete 
| 452|0x000000009c400000, 0x000000009c500000, 0x000000009c500000|100%|HC|  |TAMS 0x000000009c400000, 0x000000009c400000| Complete 
| 453|0x000000009c500000, 0x000000009c600000, 0x000000009c600000|100%|HC|  |TAMS 0x000000009c500000, 0x000000009c500000| Complete 
| 454|0x000000009c600000, 0x000000009c700000, 0x000000009c700000|100%|HC|  |TAMS 0x000000009c600000, 0x000000009c600000| Complete 
| 455|0x000000009c700000, 0x000000009c800000, 0x000000009c800000|100%|HC|  |TAMS 0x000000009c700000, 0x000000009c700000| Complete 
| 456|0x000000009c800000, 0x000000009c900000, 0x000000009c900000|100%|HC|  |TAMS 0x000000009c800000, 0x000000009c800000| Complete 
| 457|0x000000009c900000, 0x000000009ca00000, 0x000000009ca00000|100%|HC|  |TAMS 0x000000009c900000, 0x000000009c900000| Complete 
| 458|0x000000009ca00000, 0x000000009cb00000, 0x000000009cb00000|100%|HC|  |TAMS 0x000000009ca00000, 0x000000009ca00000| Complete 
| 459|0x000000009cb00000, 0x000000009cc00000, 0x000000009cc00000|100%|HC|  |TAMS 0x000000009cb00000, 0x000000009cb00000| Complete 
| 460|0x000000009cc00000, 0x000000009cd00000, 0x000000009cd00000|100%|HC|  |TAMS 0x000000009cc00000, 0x000000009cc00000| Complete 
| 461|0x000000009cd00000, 0x000000009ce00000, 0x000000009ce00000|100%|HC|  |TAMS 0x000000009cd00000, 0x000000009cd00000| Complete 
| 462|0x000000009ce00000, 0x000000009cf00000, 0x000000009cf00000|100%|HC|  |TAMS 0x000000009ce00000, 0x000000009ce00000| Complete 
| 463|0x000000009cf00000, 0x000000009d000000, 0x000000009d000000|100%|HC|  |TAMS 0x000000009cf00000, 0x000000009cf00000| Complete 
| 464|0x000000009d000000, 0x000000009d100000, 0x000000009d100000|100%|HC|  |TAMS 0x000000009d000000, 0x000000009d000000| Complete 
| 465|0x000000009d100000, 0x000000009d200000, 0x000000009d200000|100%|HS|  |TAMS 0x000000009d100000, 0x000000009d100000| Complete 
| 466|0x000000009d200000, 0x000000009d300000, 0x000000009d300000|100%|HC|  |TAMS 0x000000009d200000, 0x000000009d200000| Complete 
| 467|0x000000009d300000, 0x000000009d400000, 0x000000009d400000|100%|HC|  |TAMS 0x000000009d300000, 0x000000009d300000| Complete 
| 468|0x000000009d400000, 0x000000009d500000, 0x000000009d500000|100%|HC|  |TAMS 0x000000009d400000, 0x000000009d400000| Complete 
| 469|0x000000009d500000, 0x000000009d600000, 0x000000009d600000|100%|HC|  |TAMS 0x000000009d500000, 0x000000009d500000| Complete 
| 470|0x000000009d600000, 0x000000009d700000, 0x000000009d700000|100%|HS|  |TAMS 0x000000009d600000, 0x000000009d600000| Complete 
| 471|0x000000009d700000, 0x000000009d800000, 0x000000009d800000|100%|HC|  |TAMS 0x000000009d700000, 0x000000009d700000| Complete 
| 472|0x000000009d800000, 0x000000009d900000, 0x000000009d900000|100%|HC|  |TAMS 0x000000009d800000, 0x000000009d800000| Complete 
| 473|0x000000009d900000, 0x000000009da00000, 0x000000009da00000|100%|HC|  |TAMS 0x000000009d900000, 0x000000009d900000| Complete 
| 474|0x000000009da00000, 0x000000009db00000, 0x000000009db00000|100%|HC|  |TAMS 0x000000009da00000, 0x000000009da00000| Complete 
| 475|0x000000009db00000, 0x000000009dc00000, 0x000000009dc00000|100%|HC|  |TAMS 0x000000009db00000, 0x000000009db00000| Complete 
| 476|0x000000009dc00000, 0x000000009dd00000, 0x000000009dd00000|100%|HC|  |TAMS 0x000000009dc00000, 0x000000009dc00000| Complete 
| 477|0x000000009dd00000, 0x000000009de00000, 0x000000009de00000|100%|HC|  |TAMS 0x000000009dd00000, 0x000000009dd00000| Complete 
| 478|0x000000009de00000, 0x000000009df00000, 0x000000009df00000|100%|HC|  |TAMS 0x000000009de00000, 0x000000009de00000| Complete 
| 479|0x000000009df00000, 0x000000009e000000, 0x000000009e000000|100%|HC|  |TAMS 0x000000009df00000, 0x000000009df00000| Complete 
| 480|0x000000009e000000, 0x000000009e100000, 0x000000009e100000|100%|HC|  |TAMS 0x000000009e000000, 0x000000009e000000| Complete 
| 481|0x000000009e100000, 0x000000009e200000, 0x000000009e200000|100%|HC|  |TAMS 0x000000009e100000, 0x000000009e100000| Complete 
| 482|0x000000009e200000, 0x000000009e300000, 0x000000009e300000|100%|HC|  |TAMS 0x000000009e200000, 0x000000009e200000| Complete 
| 483|0x000000009e300000, 0x000000009e400000, 0x000000009e400000|100%|HC|  |TAMS 0x000000009e300000, 0x000000009e300000| Complete 
| 484|0x000000009e400000, 0x000000009e500000, 0x000000009e500000|100%|HC|  |TAMS 0x000000009e400000, 0x000000009e400000| Complete 
| 485|0x000000009e500000, 0x000000009e600000, 0x000000009e600000|100%|HC|  |TAMS 0x000000009e500000, 0x000000009e500000| Complete 
| 486|0x000000009e600000, 0x000000009e700000, 0x000000009e700000|100%|HC|  |TAMS 0x000000009e600000, 0x000000009e600000| Complete 
| 487|0x000000009e700000, 0x000000009e800000, 0x000000009e800000|100%|HC|  |TAMS 0x000000009e700000, 0x000000009e700000| Complete 
| 488|0x000000009e800000, 0x000000009e900000, 0x000000009e900000|100%|HC|  |TAMS 0x000000009e800000, 0x000000009e800000| Complete 
| 489|0x000000009e900000, 0x000000009ea00000, 0x000000009ea00000|100%|HC|  |TAMS 0x000000009e900000, 0x000000009e900000| Complete 
| 490|0x000000009ea00000, 0x000000009eb00000, 0x000000009eb00000|100%|HC|  |TAMS 0x000000009ea00000, 0x000000009ea00000| Complete 
| 491|0x000000009eb00000, 0x000000009ec00000, 0x000000009ec00000|100%|HC|  |TAMS 0x000000009eb00000, 0x000000009eb00000| Complete 
| 492|0x000000009ec00000, 0x000000009ed00000, 0x000000009ed00000|100%|HS|  |TAMS 0x000000009ec00000, 0x000000009ec00000| Complete 
| 493|0x000000009ed00000, 0x000000009ee00000, 0x000000009ee00000|100%|HC|  |TAMS 0x000000009ed00000, 0x000000009ed00000| Complete 
| 494|0x000000009ee00000, 0x000000009ef00000, 0x000000009ef00000|100%|HC|  |TAMS 0x000000009ee00000, 0x000000009ee00000| Complete 
| 495|0x000000009ef00000, 0x000000009f000000, 0x000000009f000000|100%|HC|  |TAMS 0x000000009ef00000, 0x000000009ef00000| Complete 
| 496|0x000000009f000000, 0x000000009f100000, 0x000000009f100000|100%|HS|  |TAMS 0x000000009f000000, 0x000000009f000000| Complete 
| 497|0x000000009f100000, 0x000000009f200000, 0x000000009f200000|100%|HS|  |TAMS 0x000000009f100000, 0x000000009f100000| Complete 
| 498|0x000000009f200000, 0x000000009f300000, 0x000000009f300000|100%|HC|  |TAMS 0x000000009f200000, 0x000000009f200000| Complete 
| 499|0x000000009f300000, 0x000000009f400000, 0x000000009f400000|100%|HS|  |TAMS 0x000000009f300000, 0x000000009f300000| Complete 
| 500|0x000000009f400000, 0x000000009f500000, 0x000000009f500000|100%|HC|  |TAMS 0x000000009f400000, 0x000000009f400000| Complete 
| 501|0x000000009f500000, 0x000000009f600000, 0x000000009f600000|100%|HC|  |TAMS 0x000000009f500000, 0x000000009f500000| Complete 
| 502|0x000000009f600000, 0x000000009f700000, 0x000000009f700000|100%|HS|  |TAMS 0x000000009f600000, 0x000000009f600000| Complete 
| 503|0x000000009f700000, 0x000000009f800000, 0x000000009f800000|100%|HC|  |TAMS 0x000000009f700000, 0x000000009f700000| Complete 
| 504|0x000000009f800000, 0x000000009f900000, 0x000000009f900000|100%|HC|  |TAMS 0x000000009f800000, 0x000000009f800000| Complete 
| 505|0x000000009f900000, 0x000000009fa00000, 0x000000009fa00000|100%|HS|  |TAMS 0x000000009f900000, 0x000000009f900000| Complete 
| 506|0x000000009fa00000, 0x000000009fb00000, 0x000000009fb00000|100%|HC|  |TAMS 0x000000009fa00000, 0x000000009fa00000| Complete 
| 507|0x000000009fb00000, 0x000000009fc00000, 0x000000009fc00000|100%|HS|  |TAMS 0x000000009fb00000, 0x000000009fb00000| Complete 
| 508|0x000000009fc00000, 0x000000009fd00000, 0x000000009fd00000|100%|HC|  |TAMS 0x000000009fc00000, 0x000000009fc00000| Complete 
| 509|0x000000009fd00000, 0x000000009fe00000, 0x000000009fe00000|100%|HC|  |TAMS 0x000000009fd00000, 0x000000009fd00000| Complete 
| 510|0x000000009fe00000, 0x000000009ff00000, 0x000000009ff00000|100%|HC|  |TAMS 0x000000009fe00000, 0x000000009fe00000| Complete 
| 511|0x000000009ff00000, 0x00000000a0000000, 0x00000000a0000000|100%|HS|  |TAMS 0x000000009ff00000, 0x000000009ff00000| Complete 
| 512|0x00000000a0000000, 0x00000000a0100000, 0x00000000a0100000|100%|HS|  |TAMS 0x00000000a0000000, 0x00000000a0000000| Complete 
| 513|0x00000000a0100000, 0x00000000a0200000, 0x00000000a0200000|100%|HC|  |TAMS 0x00000000a0100000, 0x00000000a0100000| Complete 
| 514|0x00000000a0200000, 0x00000000a0270888, 0x00000000a0300000| 43%| E|  |TAMS 0x00000000a0200000, 0x00000000a0200000| Complete 
| 515|0x00000000a0300000, 0x00000000a0400000, 0x00000000a0400000|100%| E|CS|TAMS 0x00000000a0300000, 0x00000000a0300000| Complete 
| 516|0x00000000a0400000, 0x00000000a0500000, 0x00000000a0500000|100%|HS|  |TAMS 0x00000000a0400000, 0x00000000a0400000| Complete 
| 517|0x00000000a0500000, 0x00000000a0600000, 0x00000000a0600000|100%|HC|  |TAMS 0x00000000a0500000, 0x00000000a0500000| Complete 
| 518|0x00000000a0600000, 0x00000000a0700000, 0x00000000a0700000|100%|HC|  |TAMS 0x00000000a0600000, 0x00000000a0600000| Complete 
| 519|0x00000000a0700000, 0x00000000a0800000, 0x00000000a0800000|100%|HC|  |TAMS 0x00000000a0700000, 0x00000000a0700000| Complete 
| 520|0x00000000a0800000, 0x00000000a0900000, 0x00000000a0900000|100%|HC|  |TAMS 0x00000000a0800000, 0x00000000a0800000| Complete 
| 521|0x00000000a0900000, 0x00000000a0a00000, 0x00000000a0a00000|100%|HC|  |TAMS 0x00000000a0900000, 0x00000000a0900000| Complete 
| 522|0x00000000a0a00000, 0x00000000a0b00000, 0x00000000a0b00000|100%|HC|  |TAMS 0x00000000a0a00000, 0x00000000a0a00000| Complete 
| 523|0x00000000a0b00000, 0x00000000a0c00000, 0x00000000a0c00000|100%|HC|  |TAMS 0x00000000a0b00000, 0x00000000a0b00000| Complete 
| 524|0x00000000a0c00000, 0x00000000a0d00000, 0x00000000a0d00000|100%|HC|  |TAMS 0x00000000a0c00000, 0x00000000a0c00000| Complete 
| 525|0x00000000a0d00000, 0x00000000a0e00000, 0x00000000a0e00000|100%|HC|  |TAMS 0x00000000a0d00000, 0x00000000a0d00000| Complete 
| 526|0x00000000a0e00000, 0x00000000a0f00000, 0x00000000a0f00000|100%|HC|  |TAMS 0x00000000a0e00000, 0x00000000a0e00000| Complete 
| 527|0x00000000a0f00000, 0x00000000a1000000, 0x00000000a1000000|100%|HC|  |TAMS 0x00000000a0f00000, 0x00000000a0f00000| Complete 
| 528|0x00000000a1000000, 0x00000000a1100000, 0x00000000a1100000|100%|HC|  |TAMS 0x00000000a1000000, 0x00000000a1000000| Complete 
| 529|0x00000000a1100000, 0x00000000a1200000, 0x00000000a1200000|100%|HC|  |TAMS 0x00000000a1100000, 0x00000000a1100000| Complete 
| 530|0x00000000a1200000, 0x00000000a1300000, 0x00000000a1300000|100%|HC|  |TAMS 0x00000000a1200000, 0x00000000a1200000| Complete 
| 531|0x00000000a1300000, 0x00000000a1400000, 0x00000000a1400000|100%|HC|  |TAMS 0x00000000a1300000, 0x00000000a1300000| Complete 
| 532|0x00000000a1400000, 0x00000000a1500000, 0x00000000a1500000|100%|HC|  |TAMS 0x00000000a1400000, 0x00000000a1400000| Complete 
| 533|0x00000000a1500000, 0x00000000a1600000, 0x00000000a1600000|100%|HC|  |TAMS 0x00000000a1500000, 0x00000000a1500000| Complete 
| 534|0x00000000a1600000, 0x00000000a1700000, 0x00000000a1700000|100%|HC|  |TAMS 0x00000000a1600000, 0x00000000a1600000| Complete 
| 535|0x00000000a1700000, 0x00000000a1800000, 0x00000000a1800000|100%|HC|  |TAMS 0x00000000a1700000, 0x00000000a1700000| Complete 
| 536|0x00000000a1800000, 0x00000000a1900000, 0x00000000a1900000|100%|HC|  |TAMS 0x00000000a1800000, 0x00000000a1800000| Complete 
| 537|0x00000000a1900000, 0x00000000a1a00000, 0x00000000a1a00000|100%|HC|  |TAMS 0x00000000a1900000, 0x00000000a1900000| Complete 

Card table byte_map: [0x0000016667eb0000,0x00000166682b0000] _byte_map_base: 0x0000016667ab0000

Marking Bits (Prev, Next): (CMBitMap*) 0x0000016650a928e0, (CMBitMap*) 0x0000016650a92920
 Prev Bits: [0x00000166686b0000, 0x000001666a6b0000)
 Next Bits: [0x000001666a6b0000, 0x000001666c6b0000)

Polling page: 0x000001664e650000

Metaspace:

Usage:
  Non-class:    122.70 MB used.
      Class:     19.82 MB used.
       Both:    142.52 MB used.

Virtual space:
  Non-class space:      128.00 MB reserved,     123.69 MB ( 97%) committed,  2 nodes.
      Class space:      416.00 MB reserved,      20.69 MB (  5%) committed,  1 nodes.
             Both:      544.00 MB reserved,     144.38 MB ( 27%) committed. 

Chunk freelists:
   Non-Class:  3.50 MB
       Class:  11.28 MB
        Both:  14.78 MB

MaxMetaspaceSize: 512.00 MB
CompressedClassSpaceSize: 416.00 MB
Initial GC threshold: 21.00 MB
Current GC threshold: 172.62 MB
CDS: on
MetaspaceReclaimPolicy: balanced
 - commit_granule_bytes: 65536.
 - commit_granule_words: 8192.
 - virtual_space_node_default_size: 8388608.
 - enlarge_chunks_in_place: 1.
 - new_chunks_are_fully_committed: 0.
 - uncommit_free_chunks: 1.
 - use_allocation_guard: 0.
 - handle_deallocations: 1.


Internal statistics:

num_allocs_failed_limit: 6.
num_arena_births: 2660.
num_arena_deaths: 0.
num_vsnodes_births: 3.
num_vsnodes_deaths: 0.
num_space_committed: 2309.
num_space_uncommitted: 0.
num_chunks_returned_to_freelist: 6.
num_chunks_taken_from_freelist: 9636.
num_chunk_merges: 6.
num_chunk_splits: 6011.
num_chunks_enlarged: 3563.
num_inconsistent_stats: 0.

CodeHeap 'non-profiled nmethods': size=120000Kb used=15263Kb max_used=15263Kb free=104736Kb
 bounds [0x0000016660030000, 0x0000016660f20000, 0x0000016667560000]
CodeHeap 'profiled nmethods': size=120000Kb used=45997Kb max_used=45997Kb free=74002Kb
 bounds [0x0000016658560000, 0x000001665b250000, 0x000001665fa90000]
CodeHeap 'non-nmethods': size=5760Kb used=2508Kb max_used=2547Kb free=3251Kb
 bounds [0x000001665fa90000, 0x000001665fd10000, 0x0000016660030000]
 total_blobs=22959 nmethods=21902 adapters=968
 compilation: enabled
              stopped_count=0, restarted_count=0
 full_count=0

Compilation events (20 events):
Event: 119.514 Thread 0x000001666f34cbe0 nmethod 27152 0x0000016660f16410 code [0x0000016660f165a0, 0x0000016660f16678]
Event: 119.517 Thread 0x000001666f3472a0 nmethod 27141 0x0000016660f16710 code [0x0000016660f168a0, 0x0000016660f16e08]
Event: 119.517 Thread 0x000001666f3472a0 27149       4       com.android.zipflinger.Ints::ushortToInt (5 bytes)
Event: 119.517 Thread 0x000001666f3472a0 nmethod 27149 0x0000016660f17210 code [0x0000016660f17380, 0x0000016660f173d8]
Event: 119.518 Thread 0x000001666f3472a0 27156       4       java.util.zip.DeflaterOutputStream::deflate (36 bytes)
Event: 119.520 Thread 0x000001666f34cbe0 27157       3       com.android.zipflinger.Entry::setNameBytes (16 bytes)
Event: 119.520 Thread 0x000001666f34cbe0 nmethod 27157 0x000001665b248b10 code [0x000001665b248cc0, 0x000001665b248ec8]
Event: 119.521 Thread 0x000001666f34cbe0 27158       3       com.android.zipflinger.ZipMap::readLocalFields (67 bytes)
Event: 119.522 Thread 0x000001666f34cbe0 nmethod 27158 0x000001665b248f90 code [0x000001665b2491a0, 0x000001665b249658]
Event: 119.523 Thread 0x000001666f34cbe0 27162       1       java.lang.management.DefaultPlatformMBeanProvider$9::mbeanInterfaceNames (5 bytes)
Event: 119.523 Thread 0x000001666f34cbe0 nmethod 27162 0x0000016660f17510 code [0x0000016660f176a0, 0x0000016660f17778]
Event: 119.523 Thread 0x000001666f34cbe0 27163       1       com.sun.management.internal.PlatformMBeanProviderImpl$5::mbeanInterfaceNames (5 bytes)
Event: 119.523 Thread 0x000001666f34cbe0 nmethod 27163 0x0000016660f17810 code [0x0000016660f179a0, 0x0000016660f17a78]
Event: 119.523 Thread 0x000001666f34cbe0 27165       3       com.android.zipflinger.ZipMap::checkPolicy (99 bytes)
Event: 119.525 Thread 0x000001666f34cbe0 nmethod 27165 0x000001665b249910 code [0x000001665b249be0, 0x000001665b24ae18]
Event: 119.525 Thread 0x000001666f34cbe0 27164       1       com.sun.management.internal.PlatformMBeanProviderImpl$1::mbeanInterfaceNames (5 bytes)
Event: 119.525 Thread 0x000001666f34cbe0 nmethod 27164 0x0000016660f17b10 code [0x0000016660f17ca0, 0x0000016660f17d78]
Event: 119.527 Thread 0x000001666f34cbe0 27167       3       java.util.concurrent.ScheduledThreadPoolExecutor$ScheduledFutureTask::getDelay (16 bytes)
Event: 119.527 Thread 0x000001666f34cbe0 nmethod 27167 0x000001665b24b310 code [0x000001665b24b4c0, 0x000001665b24b648]
Event: 119.552 Thread 0x000001666f34cbe0 27170       1       com.android.zipflinger.Entry::getCdLocation (5 bytes)

GC Heap History (20 events):
Event: 105.988 GC heap before
{Heap before GC invocations=101 (full 0):
 garbage-first heap   total 420864K, used 367208K [0x0000000080000000, 0x0000000100000000)
  region size 1024K, 53 young (54272K), 4 survivors (4096K)
 Metaspace       used 140063K, committed 141888K, reserved 557056K
  class space    used 19577K, committed 20416K, reserved 425984K
}
Event: 105.996 GC heap after
{Heap after GC invocations=102 (full 0):
 garbage-first heap   total 420864K, used 316856K [0x0000000080000000, 0x0000000100000000)
  region size 1024K, 3 young (3072K), 3 survivors (3072K)
 Metaspace       used 140063K, committed 141888K, reserved 557056K
  class space    used 19577K, committed 20416K, reserved 425984K
}
Event: 106.511 GC heap before
{Heap before GC invocations=102 (full 0):
 garbage-first heap   total 420864K, used 368056K [0x0000000080000000, 0x0000000100000000)
  region size 1024K, 54 young (55296K), 3 survivors (3072K)
 Metaspace       used 140519K, committed 142336K, reserved 557056K
  class space    used 19623K, committed 20416K, reserved 425984K
}
Event: 106.518 GC heap after
{Heap after GC invocations=103 (full 0):
 garbage-first heap   total 420864K, used 316777K [0x0000000080000000, 0x0000000100000000)
  region size 1024K, 3 young (3072K), 3 survivors (3072K)
 Metaspace       used 140519K, committed 142336K, reserved 557056K
  class space    used 19623K, committed 20416K, reserved 425984K
}
Event: 107.011 GC heap before
{Heap before GC invocations=103 (full 0):
 garbage-first heap   total 420864K, used 370025K [0x0000000080000000, 0x0000000100000000)
  region size 1024K, 56 young (57344K), 3 survivors (3072K)
 Metaspace       used 141046K, committed 142912K, reserved 557056K
  class space    used 19677K, committed 20480K, reserved 425984K
}
Event: 107.019 GC heap after
{Heap after GC invocations=104 (full 0):
 garbage-first heap   total 420864K, used 316900K [0x0000000080000000, 0x0000000100000000)
  region size 1024K, 3 young (3072K), 3 survivors (3072K)
 Metaspace       used 141046K, committed 142912K, reserved 557056K
  class space    used 19677K, committed 20480K, reserved 425984K
}
Event: 107.923 GC heap before
{Heap before GC invocations=104 (full 0):
 garbage-first heap   total 420864K, used 370148K [0x0000000080000000, 0x0000000100000000)
  region size 1024K, 56 young (57344K), 3 survivors (3072K)
 Metaspace       used 142159K, committed 144000K, reserved 557056K
  class space    used 19824K, committed 20672K, reserved 425984K
}
Event: 107.931 GC heap after
{Heap after GC invocations=105 (full 0):
 garbage-first heap   total 420864K, used 317246K [0x0000000080000000, 0x0000000100000000)
  region size 1024K, 4 young (4096K), 4 survivors (4096K)
 Metaspace       used 142159K, committed 144000K, reserved 557056K
  class space    used 19824K, committed 20672K, reserved 425984K
}
Event: 110.681 GC heap before
{Heap before GC invocations=105 (full 0):
 garbage-first heap   total 420864K, used 370494K [0x0000000080000000, 0x0000000100000000)
  region size 1024K, 57 young (58368K), 4 survivors (4096K)
 Metaspace       used 143187K, committed 145088K, reserved 557056K
  class space    used 19961K, committed 20800K, reserved 425984K
}
Event: 110.695 GC heap after
{Heap after GC invocations=106 (full 0):
 garbage-first heap   total 420864K, used 320639K [0x0000000080000000, 0x0000000100000000)
  region size 1024K, 7 young (7168K), 7 survivors (7168K)
 Metaspace       used 143187K, committed 145088K, reserved 557056K
  class space    used 19961K, committed 20800K, reserved 425984K
}
Event: 112.303 GC heap before
{Heap before GC invocations=106 (full 0):
 garbage-first heap   total 420864K, used 368767K [0x0000000080000000, 0x0000000100000000)
  region size 1024K, 55 young (56320K), 7 survivors (7168K)
 Metaspace       used 144091K, committed 145984K, reserved 557056K
  class space    used 20072K, committed 20928K, reserved 425984K
}
Event: 112.369 GC heap after
{Heap after GC invocations=107 (full 0):
 garbage-first heap   total 420864K, used 318501K [0x0000000080000000, 0x0000000100000000)
  region size 1024K, 1 young (1024K), 1 survivors (1024K)
 Metaspace       used 144091K, committed 145984K, reserved 557056K
  class space    used 20072K, committed 20928K, reserved 425984K
}
Event: 115.605 GC heap before
{Heap before GC invocations=107 (full 0):
 garbage-first heap   total 420864K, used 369701K [0x0000000080000000, 0x0000000100000000)
  region size 1024K, 52 young (53248K), 1 survivors (1024K)
 Metaspace       used 144477K, committed 146368K, reserved 557056K
  class space    used 20110K, committed 20928K, reserved 425984K
}
Event: 115.618 GC heap after
{Heap after GC invocations=108 (full 0):
 garbage-first heap   total 420864K, used 321955K [0x0000000080000000, 0x0000000100000000)
  region size 1024K, 5 young (5120K), 5 survivors (5120K)
 Metaspace       used 144477K, committed 146368K, reserved 557056K
  class space    used 20110K, committed 20928K, reserved 425984K
}
Event: 117.024 GC heap before
{Heap before GC invocations=108 (full 0):
 garbage-first heap   total 420864K, used 363939K [0x0000000080000000, 0x0000000100000000)
  region size 1024K, 29 young (29696K), 5 survivors (5120K)
 Metaspace       used 145904K, committed 147840K, reserved 557056K
  class space    used 20291K, committed 21184K, reserved 425984K
}
Event: 117.127 GC heap after
{Heap after GC invocations=109 (full 0):
 garbage-first heap   total 420864K, used 345997K [0x0000000080000000, 0x0000000100000000)
  region size 1024K, 5 young (5120K), 5 survivors (5120K)
 Metaspace       used 145904K, committed 147840K, reserved 557056K
  class space    used 20291K, committed 21184K, reserved 425984K
}
Event: 117.270 GC heap before
{Heap before GC invocations=109 (full 0):
 garbage-first heap   total 420864K, used 368525K [0x0000000080000000, 0x0000000100000000)
  region size 1024K, 7 young (7168K), 5 survivors (5120K)
 Metaspace       used 145913K, committed 147840K, reserved 557056K
  class space    used 20293K, committed 21184K, reserved 425984K
}
Event: 117.276 GC heap after
{Heap after GC invocations=110 (full 0):
 garbage-first heap   total 420864K, used 368906K [0x0000000080000000, 0x0000000100000000)
  region size 1024K, 2 young (2048K), 2 survivors (2048K)
 Metaspace       used 145913K, committed 147840K, reserved 557056K
  class space    used 20293K, committed 21184K, reserved 425984K
}
Event: 117.459 GC heap before
{Heap before GC invocations=110 (full 0):
 garbage-first heap   total 458752K, used 456970K [0x0000000080000000, 0x0000000100000000)
  region size 1024K, 4 young (4096K), 2 survivors (2048K)
 Metaspace       used 145913K, committed 147840K, reserved 557056K
  class space    used 20293K, committed 21184K, reserved 425984K
}
Event: 117.481 GC heap after
{Heap after GC invocations=111 (full 0):
 garbage-first heap   total 528384K, used 457431K [0x0000000080000000, 0x0000000100000000)
  region size 1024K, 3 young (3072K), 3 survivors (3072K)
 Metaspace       used 145913K, committed 147840K, reserved 557056K
  class space    used 20293K, committed 21184K, reserved 425984K
}

Dll operation events (15 events):
Event: 0.013 Loaded shared library C:\Program Files\Microsoft\jdk-17.0.14.7-hotspot\bin\java.dll
Event: 0.026 Loaded shared library C:\Program Files\Microsoft\jdk-17.0.14.7-hotspot\bin\jsvml.dll
Event: 0.054 Loaded shared library C:\Program Files\Microsoft\jdk-17.0.14.7-hotspot\bin\zip.dll
Event: 0.057 Loaded shared library C:\Program Files\Microsoft\jdk-17.0.14.7-hotspot\bin\instrument.dll
Event: 0.059 Loaded shared library C:\Program Files\Microsoft\jdk-17.0.14.7-hotspot\bin\net.dll
Event: 0.061 Loaded shared library C:\Program Files\Microsoft\jdk-17.0.14.7-hotspot\bin\nio.dll
Event: 0.062 Loaded shared library C:\Program Files\Microsoft\jdk-17.0.14.7-hotspot\bin\zip.dll
Event: 0.218 Loaded shared library C:\Program Files\Microsoft\jdk-17.0.14.7-hotspot\bin\jimage.dll
Event: 0.321 Loaded shared library C:\Program Files\Microsoft\jdk-17.0.14.7-hotspot\bin\verify.dll
Event: 0.384 Loaded shared library C:\Users\Nico\.gradle\native\1def1411415f61bf3af743bc5b6707747c0891f09f0c88961ee8f79bc544acac\windows-amd64\native-platform.dll
Event: 0.406 Loaded shared library C:\Users\Nico\.gradle\native\0.2.7\x86_64-windows-gnu\gradle-fileevents.dll
Event: 1.667 Loaded shared library C:\Program Files\Microsoft\jdk-17.0.14.7-hotspot\bin\management.dll
Event: 1.673 Loaded shared library C:\Program Files\Microsoft\jdk-17.0.14.7-hotspot\bin\management_ext.dll
Event: 1.940 Loaded shared library C:\Program Files\Microsoft\jdk-17.0.14.7-hotspot\bin\extnet.dll
Event: 2.268 Loaded shared library C:\Program Files\Microsoft\jdk-17.0.14.7-hotspot\bin\sunmscapi.dll

Deoptimization events (20 events):
Event: 115.973 Thread 0x00000166783230b0 Uncommon trap: trap_request=0xffffffde fr.pc=0x00000166600e2ea4 relative=0x00000000000012e4
Event: 115.974 Thread 0x00000166783230b0 Uncommon trap: reason=class_check action=maybe_recompile pc=0x00000166600e2ea4 method=org.gradle.internal.snapshot.impl.AbstractValueProcessor.processValue(Ljava/lang/Object;Lorg/gradle/internal/snapshot/impl/AbstractValueProcessor$ValueVisitor;)Ljava/lan
Event: 115.974 Thread 0x00000166783230b0 DEOPT PACKING pc=0x00000166600e2ea4 sp=0x0000000107bfa500
Event: 115.974 Thread 0x00000166783230b0 DEOPT UNPACKING pc=0x000001665fae69a3 sp=0x0000000107bfa4b8 mode 2
Event: 115.984 Thread 0x00000166783230b0 DEOPT PACKING pc=0x0000016658968720 sp=0x0000000107bf8cc0
Event: 115.984 Thread 0x00000166783230b0 DEOPT UNPACKING pc=0x000001665fae7143 sp=0x0000000107bf8208 mode 0
Event: 116.279 Thread 0x000001661b0a9550 Uncommon trap: trap_request=0xffffffde fr.pc=0x00000166601eb1ac relative=0x0000000000001d0c
Event: 116.279 Thread 0x000001661b0a9550 Uncommon trap: reason=class_check action=maybe_recompile pc=0x00000166601eb1ac method=java.io.DataInputStream.readUnsignedShort()I @ 6 c2
Event: 116.279 Thread 0x000001661b0a9550 DEOPT PACKING pc=0x00000166601eb1ac sp=0x000000010e3fdb00
Event: 116.279 Thread 0x000001661b0a9550 DEOPT UNPACKING pc=0x000001665fae69a3 sp=0x000000010e3fda60 mode 2
Event: 116.280 Thread 0x000001661b0a9550 Uncommon trap: trap_request=0xffffff45 fr.pc=0x000001666045fb1c relative=0x000000000000075c
Event: 116.280 Thread 0x000001661b0a9550 Uncommon trap: reason=unstable_if action=reinterpret pc=0x000001666045fb1c method=java.io.BufferedInputStream.read([BII)I @ 31 c2
Event: 116.280 Thread 0x000001661b0a9550 DEOPT PACKING pc=0x000001666045fb1c sp=0x000000010e3fd930
Event: 116.280 Thread 0x000001661b0a9550 DEOPT UNPACKING pc=0x000001665fae69a3 sp=0x000000010e3fd908 mode 2
Event: 116.280 Thread 0x000001661b0a9550 Uncommon trap: trap_request=0xffffffde fr.pc=0x00000166601eb1ac relative=0x0000000000001d0c
Event: 116.280 Thread 0x000001661b0a9550 Uncommon trap: reason=class_check action=maybe_recompile pc=0x00000166601eb1ac method=java.io.DataInputStream.readUnsignedShort()I @ 6 c2
Event: 116.280 Thread 0x000001661b0a9550 DEOPT PACKING pc=0x00000166601eb1ac sp=0x000000010e3fdb00
Event: 116.280 Thread 0x000001661b0a9550 DEOPT UNPACKING pc=0x000001665fae69a3 sp=0x000000010e3fda60 mode 2
Event: 116.364 Thread 0x000001661b0a9550 DEOPT PACKING pc=0x0000016658f70440 sp=0x000000010e3fd950
Event: 116.364 Thread 0x000001661b0a9550 DEOPT UNPACKING pc=0x000001665fae7143 sp=0x000000010e3fce00 mode 0

Classes loaded (20 events):
Event: 116.330 Loading class jdk/internal/misc/ThreadTracker$ThreadRef
Event: 116.335 Loading class jdk/internal/misc/ThreadTracker$ThreadRef done
Event: 116.356 Loading class java/security/KeyStore$PasswordProtection
Event: 116.359 Loading class java/security/KeyStore$PasswordProtection done
Event: 116.360 Loading class sun/security/provider/JavaKeyStore$TrustedCertEntry
Event: 116.360 Loading class sun/security/provider/JavaKeyStore$TrustedCertEntry done
Event: 116.360 Loading class sun/security/provider/KeyProtector
Event: 116.361 Loading class sun/security/provider/KeyProtector done
Event: 116.361 Loading class sun/security/pkcs/EncryptedPrivateKeyInfo
Event: 116.361 Loading class sun/security/pkcs/EncryptedPrivateKeyInfo done
Event: 116.367 Loading class java/security/KeyStore$PrivateKeyEntry
Event: 116.368 Loading class java/security/KeyStore$Entry
Event: 116.373 Loading class java/security/KeyStore$Entry done
Event: 116.373 Loading class java/security/KeyStore$PrivateKeyEntry done
Event: 116.792 Loading class java/util/concurrent/ForkJoinTask$AdaptedCallable
Event: 116.794 Loading class java/util/concurrent/ForkJoinTask$AdaptedCallable done
Event: 116.822 Loading class java/util/zip/Deflater
Event: 116.824 Loading class java/util/zip/Deflater done
Event: 116.825 Loading class java/util/zip/Deflater$DeflaterZStreamRef
Event: 116.825 Loading class java/util/zip/Deflater$DeflaterZStreamRef done

Classes unloaded (0 events):
No events

Classes redefined (0 events):
No events

Internal exceptions (20 events):
Event: 112.191 Thread 0x00000166784c0a50 Exception <a 'sun/nio/fs/WindowsException'{0x0000000096cb2040}> (0x0000000096cb2040) 
thrown [s\src\hotspot\share\prims\jni.cpp, line 516]
Event: 112.192 Thread 0x00000166784c0a50 Exception <a 'sun/nio/fs/WindowsException'{0x0000000096cc0238}> (0x0000000096cc0238) 
thrown [s\src\hotspot\share\prims\jni.cpp, line 516]
Event: 112.220 Thread 0x00000166784c0a50 Exception <a 'sun/nio/fs/WindowsException'{0x0000000096b2d4d8}> (0x0000000096b2d4d8) 
thrown [s\src\hotspot\share\prims\jni.cpp, line 516]
Event: 112.221 Thread 0x00000166784c0a50 Exception <a 'sun/nio/fs/WindowsException'{0x0000000096b30700}> (0x0000000096b30700) 
thrown [s\src\hotspot\share\prims\jni.cpp, line 516]
Event: 112.261 Thread 0x00000166784c0f60 Exception <a 'sun/nio/fs/WindowsException'{0x0000000096c55e38}> (0x0000000096c55e38) 
thrown [s\src\hotspot\share\prims\jni.cpp, line 516]
Event: 112.262 Thread 0x00000166784c0f60 Exception <a 'sun/nio/fs/WindowsException'{0x0000000096c58608}> (0x0000000096c58608) 
thrown [s\src\hotspot\share\prims\jni.cpp, line 516]
Event: 112.383 Thread 0x00000166784c0f60 Exception <a 'java/lang/NoSuchMethodError'{0x0000000099a1b120}: static Ljava/lang/Object;.<clinit>()V> (0x0000000099a1b120) 
thrown [s\src\hotspot\share\prims\jni.cpp, line 1112]
Event: 112.455 Thread 0x00000166784c0f60 Exception <a 'sun/nio/fs/WindowsException'{0x0000000099af2b70}> (0x0000000099af2b70) 
thrown [s\src\hotspot\share\prims\jni.cpp, line 516]
Event: 112.456 Thread 0x00000166784c0f60 Exception <a 'sun/nio/fs/WindowsException'{0x0000000099af53c8}> (0x0000000099af53c8) 
thrown [s\src\hotspot\share\prims\jni.cpp, line 516]
Event: 114.327 Thread 0x00000166784c0f60 Exception <a 'sun/nio/fs/WindowsException'{0x0000000098c30128}> (0x0000000098c30128) 
thrown [s\src\hotspot\share\prims\jni.cpp, line 516]
Event: 114.329 Thread 0x00000166784c0f60 Exception <a 'sun/nio/fs/WindowsException'{0x0000000098c328a0}> (0x0000000098c328a0) 
thrown [s\src\hotspot\share\prims\jni.cpp, line 516]
Event: 114.376 Thread 0x00000166784c0f60 Exception <a 'sun/nio/fs/WindowsException'{0x0000000098c870b8}> (0x0000000098c870b8) 
thrown [s\src\hotspot\share\prims\jni.cpp, line 516]
Event: 114.377 Thread 0x00000166784c0f60 Exception <a 'sun/nio/fs/WindowsException'{0x0000000098c898c0}> (0x0000000098c898c0) 
thrown [s\src\hotspot\share\prims\jni.cpp, line 516]
Event: 115.297 Thread 0x00000166783230b0 Exception <a 'sun/nio/fs/WindowsException'{0x0000000096b45998}> (0x0000000096b45998) 
thrown [s\src\hotspot\share\prims\jni.cpp, line 516]
Event: 115.297 Thread 0x00000166783230b0 Exception <a 'sun/nio/fs/WindowsException'{0x0000000096b46818}> (0x0000000096b46818) 
thrown [s\src\hotspot\share\prims\jni.cpp, line 516]
Event: 115.298 Thread 0x00000166783230b0 Exception <a 'sun/nio/fs/WindowsException'{0x0000000096b46960}> (0x0000000096b46960) 
thrown [s\src\hotspot\share\prims\jni.cpp, line 516]
Event: 115.976 Thread 0x00000166783230b0 Exception <a 'java/lang/NoSuchMethodError'{0x0000000099119460}: static Lcom/android/build/api/variant/impl/SerializableApplicationMultiOutputHandler;.<clinit>()V> (0x0000000099119460) 
thrown [s\src\hotspot\share\prims\jni.cpp, line 1112]
Event: 115.978 Thread 0x00000166783230b0 Exception <a 'java/lang/NoSuchMethodError'{0x000000009912f890}: static Lcom/android/build/api/variant/impl/VariantOutputImpl$SerializedForm;.<clinit>()V> (0x000000009912f890) 
thrown [s\src\hotspot\share\prims\jni.cpp, line 1112]
Event: 115.984 Thread 0x00000166783230b0 Exception <a 'java/lang/NoSuchMethodError'{0x00000000991440b0}: static Lcom/android/build/api/variant/impl/VariantOutputConfigurationImpl;.<clinit>()V> (0x00000000991440b0) 
thrown [s\src\hotspot\share\prims\jni.cpp, line 1112]
Event: 116.650 Thread 0x000001661b0a9550 Exception <a 'sun/nio/fs/WindowsException'{0x00000000989baf78}> (0x00000000989baf78) 
thrown [s\src\hotspot\share\prims\jni.cpp, line 516]

VM Operations (20 events):
Event: 112.369 Executing VM operation: G1CollectForAllocation done
Event: 113.383 Executing VM operation: Cleanup
Event: 113.384 Executing VM operation: Cleanup done
Event: 114.385 Executing VM operation: Cleanup
Event: 114.386 Executing VM operation: Cleanup done
Event: 115.252 Executing VM operation: HandshakeAllThreads
Event: 115.252 Executing VM operation: HandshakeAllThreads done
Event: 115.605 Executing VM operation: G1CollectForAllocation
Event: 115.618 Executing VM operation: G1CollectForAllocation done
Event: 116.848 Executing VM operation: G1TryInitiateConcMark
Event: 117.024 Executing VM operation: G1TryInitiateConcMark done
Event: 117.024 Executing VM operation: G1TryInitiateConcMark
Event: 117.127 Executing VM operation: G1TryInitiateConcMark done
Event: 117.175 Executing VM operation: G1TryInitiateConcMark
Event: 117.277 Executing VM operation: G1TryInitiateConcMark done
Event: 117.408 Executing VM operation: G1CollectForAllocation
Event: 117.425 Executing VM operation: G1CollectForAllocation done
Event: 117.429 Executing VM operation: G1CollectForAllocation
Event: 117.481 Executing VM operation: G1CollectForAllocation done
Event: 120.510 Executing VM operation: Cleanup

Memory protections (0 events):
No events

Nmethod flushes (20 events):
Event: 108.553 Thread 0x000001666f34ea50 flushing  nmethod 0x000001665afbf210
Event: 108.553 Thread 0x000001666f34ea50 flushing  nmethod 0x000001665afbfb90
Event: 108.553 Thread 0x000001666f34ea50 flushing  nmethod 0x000001665afc0e90
Event: 108.553 Thread 0x000001666f34ea50 flushing  nmethod 0x000001665afc1210
Event: 108.553 Thread 0x000001666f34ea50 flushing  nmethod 0x000001665afc1910
Event: 108.553 Thread 0x000001666f34ea50 flushing  nmethod 0x000001665afc1e90
Event: 108.553 Thread 0x000001666f34ea50 flushing  nmethod 0x000001665afc2690
Event: 108.553 Thread 0x000001666f34ea50 flushing  nmethod 0x000001665afc2e10
Event: 108.553 Thread 0x000001666f34ea50 flushing  nmethod 0x000001665afc3290
Event: 108.553 Thread 0x000001666f34ea50 flushing  nmethod 0x000001665afc3690
Event: 108.553 Thread 0x000001666f34ea50 flushing  nmethod 0x000001665afc6910
Event: 108.553 Thread 0x000001666f34ea50 flushing  nmethod 0x000001665afc6d10
Event: 108.553 Thread 0x000001666f34ea50 flushing  nmethod 0x000001665afcaa10
Event: 108.553 Thread 0x000001666f34ea50 flushing  nmethod 0x000001665afcca10
Event: 108.553 Thread 0x000001666f34ea50 flushing  nmethod 0x000001665afd0390
Event: 108.553 Thread 0x000001666f34ea50 flushing  nmethod 0x000001665afd3810
Event: 108.553 Thread 0x000001666f34ea50 flushing  nmethod 0x000001665afd3c10
Event: 108.553 Thread 0x000001666f34ea50 flushing  nmethod 0x000001665afd4310
Event: 108.553 Thread 0x000001666f34ea50 flushing  nmethod 0x000001665afd4d90
Event: 108.553 Thread 0x000001666f34ea50 flushing  nmethod 0x000001665afde510

Events (20 events):
Event: 84.216 Thread 0x000001661c8e1c00 Thread exited: 0x000001661c8e1c00
Event: 86.026 Thread 0x000001666f34cbe0 Thread added: 0x000001661c8e4130
Event: 86.869 Thread 0x000001661c8e4130 Thread exited: 0x000001661c8e4130
Event: 87.278 Thread 0x000001666f34cbe0 Thread added: 0x000001661c8e0c10
Event: 89.772 Thread 0x000001661c8e0c10 Thread exited: 0x000001661c8e0c10
Event: 104.215 Thread 0x0000016678322ba0 Thread added: 0x000001661b392960
Event: 104.541 Thread 0x000001661b392960 Thread added: 0x000001667e1ae530
Event: 104.541 Thread 0x000001661b392960 Thread added: 0x000001667e1adb10
Event: 109.730 Thread 0x00000166784c0f60 Thread added: 0x000001667e1ab0e0
Event: 110.123 Thread 0x000001667e1ab0e0 Thread added: 0x000001667e1ab5f0
Event: 110.128 Thread 0x000001667e1ab0e0 Thread added: 0x000001667e1ac520
Event: 110.134 Thread 0x000001667e1ab0e0 Thread added: 0x000001667e1aca30
Event: 110.141 Thread 0x000001667e1ab0e0 Thread added: 0x0000016678d88410
Event: 110.149 Thread 0x000001667e1ab0e0 Thread added: 0x000001661b391f40
Event: 110.152 Thread 0x000001667e1ab0e0 Thread added: 0x000001661b0a9550
Event: 110.161 Thread 0x000001667e1ab0e0 Thread added: 0x000001661b0a8b30
Event: 110.183 Thread 0x000001667e1ab0e0 Thread added: 0x000001661dc9da90
Event: 110.192 Thread 0x000001667e1ab0e0 Thread added: 0x0000016678d86fd0
Event: 110.192 Thread 0x000001667e1ab0e0 Thread added: 0x0000016678d879f0
Event: 115.994 Thread 0x00000166783230b0 Thread added: 0x0000016678d87f00


Dynamic libraries:
0x00007ff7146e0000 - 0x00007ff7146ee000 	C:\Program Files\Microsoft\jdk-17.0.14.7-hotspot\bin\java.exe
0x00007ffd7cec0000 - 0x00007ffd7d126000 	C:\WINDOWS\SYSTEM32\ntdll.dll
0x00007ffd7afb0000 - 0x00007ffd7b079000 	C:\WINDOWS\System32\KERNEL32.DLL
0x00007ffd7a600000 - 0x00007ffd7a9cc000 	C:\WINDOWS\System32\KERNELBASE.dll
0x00007ffd7a200000 - 0x00007ffd7a34b000 	C:\WINDOWS\System32\ucrtbase.dll
0x00007ffd67ca0000 - 0x00007ffd67cb7000 	C:\Program Files\Microsoft\jdk-17.0.14.7-hotspot\bin\jli.dll
0x00007ffd67d30000 - 0x00007ffd67d4d000 	C:\Program Files\Microsoft\jdk-17.0.14.7-hotspot\bin\VCRUNTIME140.dll
0x00007ffd7bae0000 - 0x00007ffd7bcaa000 	C:\WINDOWS\System32\USER32.dll
0x00007ffd5a4a0000 - 0x00007ffd5a73a000 	C:\WINDOWS\WinSxS\amd64_microsoft.windows.common-controls_6595b64144ccf1df_6.0.26100.3912_none_3e07963ce335137e\COMCTL32.dll
0x00007ffd7bcb0000 - 0x00007ffd7bd59000 	C:\WINDOWS\System32\msvcrt.dll
0x00007ffd7a1d0000 - 0x00007ffd7a1f7000 	C:\WINDOWS\System32\win32u.dll
0x00007ffd7b8b0000 - 0x00007ffd7b8db000 	C:\WINDOWS\System32\GDI32.dll
0x00007ffd7ab40000 - 0x00007ffd7ac72000 	C:\WINDOWS\System32\gdi32full.dll
0x00007ffd7a9d0000 - 0x00007ffd7aa73000 	C:\WINDOWS\System32\msvcp_win.dll
0x00007ffd7b080000 - 0x00007ffd7b0b0000 	C:\WINDOWS\System32\IMM32.DLL
0x00007ffd67d60000 - 0x00007ffd67d6c000 	C:\Program Files\Microsoft\jdk-17.0.14.7-hotspot\bin\vcruntime140_1.dll
0x00007ffcc9e50000 - 0x00007ffcc9edd000 	C:\Program Files\Microsoft\jdk-17.0.14.7-hotspot\bin\msvcp140.dll
0x00007ffc2fc80000 - 0x00007ffc308f2000 	C:\Program Files\Microsoft\jdk-17.0.14.7-hotspot\bin\server\jvm.dll
0x00007ffd7ad70000 - 0x00007ffd7ae22000 	C:\WINDOWS\System32\ADVAPI32.dll
0x00007ffd7cac0000 - 0x00007ffd7cb66000 	C:\WINDOWS\System32\sechost.dll
0x00007ffd7b970000 - 0x00007ffd7ba86000 	C:\WINDOWS\System32\RPCRT4.dll
0x00007ffd7ae30000 - 0x00007ffd7aea4000 	C:\WINDOWS\System32\WS2_32.dll
0x00007ffd70b90000 - 0x00007ffd70b9b000 	C:\WINDOWS\SYSTEM32\VERSION.dll
0x00007ffd6df00000 - 0x00007ffd6df36000 	C:\WINDOWS\SYSTEM32\WINMM.dll
0x00007ffd78c60000 - 0x00007ffd78cbe000 	C:\WINDOWS\SYSTEM32\POWRPROF.dll
0x00007ffd78c40000 - 0x00007ffd78c54000 	C:\WINDOWS\SYSTEM32\UMPDC.dll
0x00007ffd78f30000 - 0x00007ffd78f4a000 	C:\WINDOWS\SYSTEM32\kernel.appcore.dll
0x00007ffd67d20000 - 0x00007ffd67d2a000 	C:\Program Files\Microsoft\jdk-17.0.14.7-hotspot\bin\jimage.dll
0x00007ffd77720000 - 0x00007ffd77961000 	C:\WINDOWS\SYSTEM32\DBGHELP.DLL
0x00007ffd7c720000 - 0x00007ffd7caa4000 	C:\WINDOWS\System32\combase.dll
0x00007ffd7ac80000 - 0x00007ffd7ad60000 	C:\WINDOWS\System32\OLEAUT32.dll
0x00007ffd4b110000 - 0x00007ffd4b149000 	C:\WINDOWS\SYSTEM32\dbgcore.DLL
0x00007ffd7a560000 - 0x00007ffd7a5f9000 	C:\WINDOWS\System32\bcryptPrimitives.dll
0x00007ffd448d0000 - 0x00007ffd448de000 	C:\Program Files\Microsoft\jdk-17.0.14.7-hotspot\bin\instrument.dll
0x00007ffd65060000 - 0x00007ffd65085000 	C:\Program Files\Microsoft\jdk-17.0.14.7-hotspot\bin\java.dll
0x00007ffcc02c0000 - 0x00007ffcc0397000 	C:\Program Files\Microsoft\jdk-17.0.14.7-hotspot\bin\jsvml.dll
0x00007ffd7bf10000 - 0x00007ffd7c63d000 	C:\WINDOWS\System32\SHELL32.dll
0x00007ffd7a350000 - 0x00007ffd7a4c4000 	C:\WINDOWS\System32\wintypes.dll
0x00007ffd77cd0000 - 0x00007ffd78526000 	C:\WINDOWS\SYSTEM32\windows.storage.dll
0x00007ffd7cd80000 - 0x00007ffd7ce6f000 	C:\WINDOWS\System32\SHCORE.dll
0x00007ffd7b8e0000 - 0x00007ffd7b949000 	C:\WINDOWS\System32\shlwapi.dll
0x00007ffd79f60000 - 0x00007ffd79f8f000 	C:\WINDOWS\SYSTEM32\profapi.dll
0x00007ffd4afc0000 - 0x00007ffd4afd8000 	C:\Program Files\Microsoft\jdk-17.0.14.7-hotspot\bin\zip.dll
0x00007ffd650d0000 - 0x00007ffd650ea000 	C:\Program Files\Microsoft\jdk-17.0.14.7-hotspot\bin\net.dll
0x00007ffd70400000 - 0x00007ffd7051e000 	C:\WINDOWS\SYSTEM32\WINHTTP.dll
0x00007ffd794a0000 - 0x00007ffd7950a000 	C:\WINDOWS\system32\mswsock.dll
0x00007ffd61430000 - 0x00007ffd61446000 	C:\Program Files\Microsoft\jdk-17.0.14.7-hotspot\bin\nio.dll
0x00007ffd67740000 - 0x00007ffd67750000 	C:\Program Files\Microsoft\jdk-17.0.14.7-hotspot\bin\verify.dll
0x00007ffd44f10000 - 0x00007ffd44f37000 	C:\Users\Nico\.gradle\native\1def1411415f61bf3af743bc5b6707747c0891f09f0c88961ee8f79bc544acac\windows-amd64\native-platform.dll
0x00007ffd371d0000 - 0x00007ffd37248000 	C:\Users\Nico\.gradle\native\0.2.7\x86_64-windows-gnu\gradle-fileevents.dll
0x00007ffd5a240000 - 0x00007ffd5a24a000 	C:\Program Files\Microsoft\jdk-17.0.14.7-hotspot\bin\management.dll
0x00007ffd59b10000 - 0x00007ffd59b1b000 	C:\Program Files\Microsoft\jdk-17.0.14.7-hotspot\bin\management_ext.dll
0x00007ffd7b950000 - 0x00007ffd7b958000 	C:\WINDOWS\System32\PSAPI.DLL
0x00007ffd788e0000 - 0x00007ffd78913000 	C:\WINDOWS\SYSTEM32\IPHLPAPI.DLL
0x00007ffd7cb70000 - 0x00007ffd7cb7a000 	C:\WINDOWS\System32\NSI.dll
0x00007ffd703d0000 - 0x00007ffd703ef000 	C:\WINDOWS\SYSTEM32\dhcpcsvc6.DLL
0x00007ffd703a0000 - 0x00007ffd703c5000 	C:\WINDOWS\SYSTEM32\dhcpcsvc.DLL
0x00007ffd78980000 - 0x00007ffd78aa7000 	C:\WINDOWS\SYSTEM32\DNSAPI.dll
0x00007ffd4aec0000 - 0x00007ffd4aec9000 	C:\Program Files\Microsoft\jdk-17.0.14.7-hotspot\bin\extnet.dll
0x00007ffd79750000 - 0x00007ffd7976c000 	C:\WINDOWS\SYSTEM32\CRYPTSP.dll
0x00007ffd78e90000 - 0x00007ffd78eca000 	C:\WINDOWS\system32\rsaenh.dll
0x00007ffd79540000 - 0x00007ffd7956b000 	C:\WINDOWS\SYSTEM32\USERENV.dll
0x00007ffd79f30000 - 0x00007ffd79f56000 	C:\WINDOWS\SYSTEM32\bcrypt.dll
0x00007ffd79740000 - 0x00007ffd7974c000 	C:\WINDOWS\SYSTEM32\CRYPTBASE.dll
0x00007ffd448c0000 - 0x00007ffd448ce000 	C:\Program Files\Microsoft\jdk-17.0.14.7-hotspot\bin\sunmscapi.dll
0x00007ffd7a050000 - 0x00007ffd7a1c7000 	C:\WINDOWS\System32\CRYPT32.dll
0x00007ffd79950000 - 0x00007ffd79980000 	C:\WINDOWS\SYSTEM32\ncrypt.dll
0x00007ffd79900000 - 0x00007ffd7993f000 	C:\WINDOWS\SYSTEM32\NTASN1.dll
0x00007ffd602d0000 - 0x00007ffd602d8000 	C:\WINDOWS\system32\wshunix.dll
0x00007ffd4b080000 - 0x00007ffd4b098000 	C:\WINDOWS\system32\napinsp.dll
0x00007ffd4a850000 - 0x00007ffd4a862000 	C:\WINDOWS\System32\winrnr.dll
0x00007ffd4a820000 - 0x00007ffd4a840000 	C:\WINDOWS\system32\wshbth.dll
0x00007ffd4a5c0000 - 0x00007ffd4a5f0000 	C:\WINDOWS\system32\nlansp_c.dll
0x00007ffd67e60000 - 0x00007ffd67e6b000 	C:\Windows\System32\rasadhlp.dll
0x00007ffd6fb90000 - 0x00007ffd6fc16000 	C:\WINDOWS\System32\fwpuclnt.dll

dbghelp: loaded successfully - version: 4.0.5 - missing functions: none
symbol engine: initialized successfully - sym options: 0x614 - pdb path: .;C:\Program Files\Microsoft\jdk-17.0.14.7-hotspot\bin;C:\WINDOWS\SYSTEM32;C:\WINDOWS\WinSxS\amd64_microsoft.windows.common-controls_6595b64144ccf1df_6.0.26100.3912_none_3e07963ce335137e;C:\Program Files\Microsoft\jdk-17.0.14.7-hotspot\bin\server;C:\Users\Nico\.gradle\native\1def1411415f61bf3af743bc5b6707747c0891f09f0c88961ee8f79bc544acac\windows-amd64;C:\Users\Nico\.gradle\native\0.2.7\x86_64-windows-gnu

VM Arguments:
jvm_args: --add-opens=java.base/java.lang=ALL-UNNAMED --add-opens=java.base/java.lang.invoke=ALL-UNNAMED --add-opens=java.base/java.util=ALL-UNNAMED --add-opens=java.prefs/java.util.prefs=ALL-UNNAMED --add-exports=jdk.compiler/com.sun.tools.javac.api=ALL-UNNAMED --add-exports=jdk.compiler/com.sun.tools.javac.util=ALL-UNNAMED --add-opens=java.base/java.util=ALL-UNNAMED --add-opens=java.prefs/java.util.prefs=ALL-UNNAMED --add-opens=java.base/java.nio.charset=ALL-UNNAMED --add-opens=java.base/java.net=ALL-UNNAMED --add-opens=java.base/java.util.concurrent.atomic=ALL-UNNAMED --add-opens=java.xml/javax.xml.namespace=ALL-UNNAMED -XX:MaxMetaspaceSize=512m -Xmx2048m -Dfile.encoding=windows-1252 -Duser.country=PH -Duser.language=en -Duser.variant -javaagent:C:\Users\Nico\.gradle\wrapper\dists\gradle-8.13-bin\5xuhj0ry160q40clulazy9h7d\gradle-8.13\lib\agents\gradle-instrumentation-agent-8.13.jar 
java_command: org.gradle.launcher.daemon.bootstrap.GradleDaemon 8.13
java_class_path (initial): C:\Users\Nico\.gradle\wrapper\dists\gradle-8.13-bin\5xuhj0ry160q40clulazy9h7d\gradle-8.13\lib\gradle-daemon-main-8.13.jar
Launcher Type: SUN_STANDARD

[Global flags]
     intx CICompilerCount                          = 4                                         {product} {ergonomic}
   size_t CompressedClassSpaceSize                 = 436207616                                 {product} {ergonomic}
     uint ConcGCThreads                            = 3                                         {product} {ergonomic}
     uint G1ConcRefinementThreads                  = 10                                        {product} {ergonomic}
   size_t G1HeapRegionSize                         = 1048576                                   {product} {ergonomic}
    uintx GCDrainStackTargetSize                   = 64                                        {product} {ergonomic}
   size_t InitialHeapSize                          = 130023424                                 {product} {ergonomic}
   size_t MarkStackSize                            = 4194304                                   {product} {ergonomic}
   size_t MaxHeapSize                              = 2147483648                                {product} {command line}
   size_t MaxMetaspaceSize                         = 536870912                                 {product} {command line}
   size_t MaxNewSize                               = 1287651328                                {product} {ergonomic}
   size_t MinHeapDeltaBytes                        = 1048576                                   {product} {ergonomic}
   size_t MinHeapSize                              = 8388608                                   {product} {ergonomic}
    uintx NonNMethodCodeHeapSize                   = 5839372                                {pd product} {ergonomic}
    uintx NonProfiledCodeHeapSize                  = 122909434                              {pd product} {ergonomic}
    uintx ProfiledCodeHeapSize                     = 122909434                              {pd product} {ergonomic}
    uintx ReservedCodeCacheSize                    = 251658240                              {pd product} {ergonomic}
     bool SegmentedCodeCache                       = true                                      {product} {ergonomic}
   size_t SoftMaxHeapSize                          = 2147483648                             {manageable} {ergonomic}
     bool UseCompressedClassPointers               = true                           {product lp64_product} {ergonomic}
     bool UseCompressedOops                        = true                           {product lp64_product} {ergonomic}
     bool UseG1GC                                  = true                                      {product} {ergonomic}
     bool UseLargePagesIndividualAllocation        = false                                  {pd product} {ergonomic}

Logging:
Log output configuration:
 #0: stdout all=warning uptime,level,tags
 #1: stderr all=off uptime,level,tags

Environment Variables:
JAVA_HOME=C:\Program Files\Microsoft\jdk-17.0.14.7-hotspot\
CLASSPATH=C:\Users\Nico\Documents\SOFTENG24_05\VIBRO\android\\gradle\wrapper\gradle-wrapper.jar
PATH=C:\Users\Nico\Documents\SOFTENG24_05\VIBRO\node_modules\.bin;C:\Users\Nico\Documents\SOFTENG24_05\node_modules\.bin;C:\Users\Nico\Documents\node_modules\.bin;C:\Users\Nico\node_modules\.bin;C:\Users\node_modules\.bin;C:\node_modules\.bin;C:\Users\Nico\AppData\Local\nvm\v18.20.8\node_modules\npm\node_modules\@npmcli\run-script\lib\node-gyp-bin;C:\Users\Nico\anaconda3;C:\Users\Nico\anaconda3\Library\mingw-w64\bin;C:\Users\Nico\anaconda3\Library\usr\bin;C:\Users\Nico\anaconda3\Library\bin;C:\Users\Nico\anaconda3\Scripts;C:\Users\Nico\anaconda3\bin;C:\Users\Nico\anaconda3\condabin;C:\Program Files\NVIDIA GPU Computing Toolkit\CUDA\v12.6\bin;C:\Program Files\NVIDIA GPU Computing Toolkit\CUDA\v12.6\libnvvp;C:\Program Files\Microsoft\jdk-17.0.14.7-hotspot\bin;C:\Program Files\Common Files\Oracle\Java\javapath;C:\Windows\system32;C:\Windows;C:\Windows\System32\Wbem;C:\Windows\System32\WindowsPowerShell\v1.0;C:\Windows\System32\OpenSSH;C:\Program Files (x86)\NVIDIA Corporation\PhysX\Common;C:\Program Files\NVIDIA Corporation\NVIDIA NvDLISR;C:\WINDOWS\system32;C:\WINDOWS;C:\WINDOWS\System32\Wbem;C:\WINDOWS\System32\WindowsPowerShell\v1.0;C:\WINDOWS\System32\OpenSSH;C:\Program Files\Git\cmd;C:\Program Files\Microsoft\jdk-17.0.14.7-hotspot\bin;C:\ProgramData\chocolatey\bin;C:\Users\Nico\AppData\Local\nvm;C:\nvm4w\nodejs;C:\Program Files\nodejs;C:\Program Files (x86)\Windows Kits\10\Windows Performance Toolkit;C:\Program Files\NVIDIA Corporation\Nsight Compute 2024.3.0;C:\Users\Nico\anaconda3\Scripts;C:\Users\Nico\anaconda3;C:\Windows\system32;C:\Windows;C:\Windows\System32\Wbem;C:\Windows\System32\WindowsPowerShell\v1.0;C:\Windows\System32\OpenSSH;C:\Program Files (x86)\NVIDIA Corporation\PhysX\Common;C:\Program Files\NVIDIA Corporation\NVIDIA NvDLISR;C:\WINDOWS\system32;C:\WINDOWS;C:\WINDOWS\System32\Wbem;C:\WINDOWS\System32\WindowsPowerShell\v1.0;C:\WINDOWS\System32\OpenSSH;C:\Program Files\Git\cmd;C:\Users\Nico\AppData\Local\Programs\Python\Python310\Scripts;C:\Users\Nico\AppData\Local\Programs\Python\Python310;C:\Users\Nico\AppData\Local\Microsoft\WindowsApps;C:\Users\Nico\AppData\Local\Programs\Microsoft VS Code\bin;C:\Program Files\JetBrains\WebStorm 2024.3.5\bin;C:\Users\Nico\AppData\Local\Android\Sdk\platform-tools;C:\Users\Nico\AppData\Local\Android\Sdk\emulator;C:\Users\Nico\AppData\Local\Android\Sdk\tools;C:\Program Files\Microsoft\jdk-17.0.14.7-hotspot\bin;C:\Users\Nico\AppData\Local\nvm;C:\nvm4w\nodejs;C:\Users\Nico\AppData\Local\Android\Sdk\platform-tools;C:\Users\Nico\AppData\Roaming\npm;C:\dev\flutter\bin;C:\Users\Nico\AppData\Local\JetBrains\IntelliJ IDEA 2024.3.5\bin;.;C:\Program Files\JetBrains\IntelliJ IDEA Community Edition 2024.2.5\bin;.;C:\Users\Nico\AppData\Local\Google\Cloud SDK\google-cloud-sdk\bin;C:\Users\Nico\anaconda3;C:\Users\Nico\anaconda3\Scripts;c:\Users\Nico\.vscode\extensions\ms-python.debugpy-2025.8.0-win32-x64\bundled\scripts\noConfigScripts;c:\Users\Nico\AppData\Roaming\Code\User\globalStorage\github.copilot-chat\debugCommand
USERNAME=Nico
LANG=en_US.UTF-8
OS=Windows_NT
PROCESSOR_IDENTIFIER=Intel64 Family 6 Model 186 Stepping 2, GenuineIntel
TMP=C:\Users\Nico\AppData\Local\Temp
TEMP=C:\Users\Nico\AppData\Local\Temp



Periodic native trim disabled


---------------  S Y S T E M  ---------------

OS:
 Windows 11 , 64 bit Build 26100 (10.0.26100.3912)
OS uptime: 0 days 17:18 hours
Hyper-V role detected

CPU: total 12 (initial active 12) (6 cores per cpu, 2 threads per core) family 6 model 186 stepping 2 microcode 0x4112, cx8, cmov, fxsr, ht, mmx, 3dnowpref, sse, sse2, sse3, ssse3, sse4.1, sse4.2, popcnt, lzcnt, tsc, tscinvbit, avx, avx2, aes, erms, clmul, bmi1, bmi2, adx, sha, fma, vzeroupper, clflush, clflushopt, clwb, hv
Processor Information for processor 0
  Max Mhz: 2100, Current Mhz: 2100, Mhz Limit: 2100
Processor Information for processor 1
  Max Mhz: 2100, Current Mhz: 2100, Mhz Limit: 2100
Processor Information for processor 2
  Max Mhz: 2100, Current Mhz: 2100, Mhz Limit: 2100
Processor Information for processor 3
  Max Mhz: 2100, Current Mhz: 2100, Mhz Limit: 2100
Processor Information for processor 4
  Max Mhz: 2100, Current Mhz: 2100, Mhz Limit: 2100
Processor Information for processor 5
  Max Mhz: 2100, Current Mhz: 2100, Mhz Limit: 2100
Processor Information for processor 6
  Max Mhz: 2100, Current Mhz: 2100, Mhz Limit: 2100
Processor Information for processor 7
  Max Mhz: 2100, Current Mhz: 2100, Mhz Limit: 2100
Processor Information for processor 8
  Max Mhz: 2100, Current Mhz: 1500, Mhz Limit: 1491
Processor Information for processor 9
  Max Mhz: 2100, Current Mhz: 1500, Mhz Limit: 1491
Processor Information for processor 10
  Max Mhz: 2100, Current Mhz: 1500, Mhz Limit: 1491
Processor Information for processor 11
  Max Mhz: 2100, Current Mhz: 1500, Mhz Limit: 1491

Memory: 4k page, system-wide physical 7895M (181M free)
TotalPageFile size 32471M (AvailPageFile size 1M)
current process WorkingSet (physical memory assigned to process): 714M, peak: 722M
current process commit charge ("private bytes"): 1056M, peak: 1064M

vm_info: OpenJDK 64-Bit Server VM (17.0.14+7-LTS) for windows-amd64 JRE (17.0.14+7-LTS), built on Jan  8 2025 23:39:28 by "MicrosoftCorporation" with unknown MS VC++:1939

END.
