#
# There is insufficient memory for the Java Runtime Environment to continue.
# Native memory allocation (malloc) failed to allocate 2527024 bytes. Error detail: Chunk::new
# Possible reasons:
#   The system is out of physical RAM or swap space
#   This process is running with CompressedOops enabled, and the Java Heap may be blocking the growth of the native heap
# Possible solutions:
#   Reduce memory load on the system
#   Increase physical memory or swap space
#   Check if swap backing store is full
#   Decrease Java heap size (-Xmx/-Xms)
#   Decrease number of Java threads
#   Decrease Java thread stack sizes (-Xss)
#   Set larger code cache with -XX:ReservedCodeCacheSize=
#   JVM is running with Unscaled Compressed Oops mode in which the Java heap is
#     placed in the first 4GB address space. The Java Heap base address is the
#     maximum limit for the native heap growth. Please use -XX:HeapBaseMinAddress
#     to set the Java Heap base and to place the Java Heap above 4GB virtual address.
# This output file may be truncated or incomplete.
#
#  Out of Memory Error (arena.cpp:191), pid=16032, tid=29132
#
# JRE version: OpenJDK Runtime Environment Microsoft-10800295 (17.0.14+7) (build 17.0.14+7-LTS)
# Java VM: OpenJDK 64-Bit Server VM Microsoft-10800295 (17.0.14+7-LTS, mixed mode, sharing, tiered, compressed oops, compressed class ptrs, g1 gc, windows-amd64)
# No core dump will be written. Minidumps are not enabled by default on client versions of Windows
#

---------------  S U M M A R Y ------------

Command Line: --add-opens=java.base/java.lang=ALL-UNNAMED --add-opens=java.base/java.lang.invoke=ALL-UNNAMED --add-opens=java.base/java.util=ALL-UNNAMED --add-opens=java.prefs/java.util.prefs=ALL-UNNAMED --add-exports=jdk.compiler/com.sun.tools.javac.api=ALL-UNNAMED --add-exports=jdk.compiler/com.sun.tools.javac.util=ALL-UNNAMED --add-opens=java.base/java.util=ALL-UNNAMED --add-opens=java.prefs/java.util.prefs=ALL-UNNAMED --add-opens=java.base/java.nio.charset=ALL-UNNAMED --add-opens=java.base/java.net=ALL-UNNAMED --add-opens=java.base/java.util.concurrent.atomic=ALL-UNNAMED --add-opens=java.xml/javax.xml.namespace=ALL-UNNAMED -XX:MaxMetaspaceSize=512m -Xmx2048m -Dfile.encoding=windows-1252 -Duser.country=PH -Duser.language=en -Duser.variant -javaagent:C:\Users\Nico\.gradle\wrapper\dists\gradle-8.13-bin\5xuhj0ry160q40clulazy9h7d\gradle-8.13\lib\agents\gradle-instrumentation-agent-8.13.jar org.gradle.launcher.daemon.bootstrap.GradleDaemon 8.13

Host: 13th Gen Intel(R) Core(TM) i5-13420H, 12 cores, 7G,  Windows 11 , 64 bit Build 26100 (10.0.26100.3912)
Time: Thu May 29 14:03:49 2025 Malay Peninsula Standard Time elapsed time: 92.225033 seconds (0d 0h 1m 32s)

---------------  T H R E A D  ---------------

Current thread (0x000001996cb4e190):  JavaThread "C2 CompilerThread0" daemon [_thread_in_native, id=29132, stack(0x000000611d900000,0x000000611da00000)]


Current CompileTask:
C2:  92225 30369       4       com.android.tools.r8.internal.WX::a (177 bytes)

Stack: [0x000000611d900000,0x000000611da00000]
Native frames: (J=compiled Java code, j=interpreted, Vv=VM code, C=native code)
V  [jvm.dll+0x6886b9]
V  [jvm.dll+0x83f6f8]
V  [jvm.dll+0x8411a3]
V  [jvm.dll+0x841813]
V  [jvm.dll+0x2495cf]
V  [jvm.dll+0xad0d4]
V  [jvm.dll+0xad76c]
V  [jvm.dll+0x36ae0e]
V  [jvm.dll+0x1bd005]
V  [jvm.dll+0x21a95c]
V  [jvm.dll+0x219c1f]
V  [jvm.dll+0x1a5596]
V  [jvm.dll+0x22a27a]
V  [jvm.dll+0x2283bb]
V  [jvm.dll+0x7f4f48]
V  [jvm.dll+0x7ef2ac]
V  [jvm.dll+0x687597]
C  [ucrtbase.dll+0x37b0]
C  [KERNEL32.DLL+0x2e8d7]
C  [ntdll.dll+0x9c5dc]


---------------  P R O C E S S  ---------------

Threads class SMR info:
_java_thread_list=0x000001997705ca90, length=227, elements={
0x000001994ebd60f0, 0x000001996cb29980, 0x000001996cb2c550, 0x000001996cb49640,
0x000001996cb4a010, 0x000001996cb4cae0, 0x000001996cb4d4a0, 0x000001996cb4e190,
0x000001996cb4fab0, 0x000001996d508de0, 0x000001996cb13280, 0x000001996d6a7110,
0x00000199736345d0, 0x000001997346d560, 0x0000019973867be0, 0x00000199738f0cd0,
0x0000019973903c00, 0x0000019973aacdb0, 0x0000019973aad7d0, 0x0000019973aac8a0,
0x0000019973aac390, 0x0000019973aad2c0, 0x0000019973aabe80, 0x0000019973aadce0,
0x0000019973aae700, 0x0000019973aaaf50, 0x0000019973aab460, 0x0000019973aab970,
0x0000019973c57a20, 0x0000019973c59880, 0x0000019973c5a7b0, 0x0000019973c58e60,
0x0000019973c5a2a0, 0x0000019973c59370, 0x0000019973c57f30, 0x0000019973c58440,
0x0000019973c5acc0, 0x0000019973c5b6e0, 0x0000019973c5c100, 0x0000019973c58950,
0x0000019973c5d030, 0x0000019973c5d540, 0x0000019973c5c610, 0x0000019973c5cb20,
0x0000019973c5e470, 0x0000019973c5df60, 0x0000019973c5e980, 0x0000019973c5bbf0,
0x000001997597f8c0, 0x000001997597d550, 0x000001997597f3b0, 0x000001997597eea0,
0x0000019975981210, 0x0000019975980d00, 0x000001997597e480, 0x000001997597da60,
0x000001997597e990, 0x000001997597fdd0, 0x00000199759802e0, 0x0000019975981720,
0x00000199759807f0, 0x000001997597df70, 0x0000019975981c30, 0x0000019975983580,
0x0000019975983070, 0x0000019975983a90, 0x0000019975983fa0, 0x0000019975982140,
0x0000019975982650, 0x0000019975982b60, 0x00000199759844b0, 0x00000199759849c0,
0x0000019975984ed0, 0x000001997657cf20, 0x000001997657bae0, 0x0000019976579c80,
0x000001997657c500, 0x000001997657bff0, 0x000001997657ca10, 0x000001997657abb0,
0x000001997657b5d0, 0x000001997657a190, 0x0000019976579770, 0x000001997657b0c0,
0x000001997657f290, 0x000001997657f7a0, 0x000001997657e360, 0x0000019976580be0,
0x000001997657fcb0, 0x000001997657d430, 0x00000199765801c0, 0x00000199765810f0,
0x000001997657e870, 0x000001997657ed80, 0x00000199749faa70, 0x00000199749faf80,
0x00000199749fb490, 0x00000199749fb9a0, 0x00000199749f81f0, 0x00000199749fa560,
0x00000199749f8700, 0x00000199749f8c10, 0x00000199749fa050, 0x00000199749f9120,
0x00000199749f9630, 0x00000199749f9b40, 0x00000199753abfb0, 0x00000199753aa660,
0x00000199753ac4c0, 0x00000199753ad3f0, 0x00000199753aab70, 0x00000199753abaa0,
0x00000199753ab080, 0x00000199753ac9d0, 0x00000199753ab590, 0x00000199753acee0,
0x00000199753ad900, 0x00000199753aa150, 0x000001997624c2e0, 0x000001997624e140,
0x000001997624dc30, 0x000001997624cd00, 0x000001997624bdd0, 0x000001997624eb60,
0x000001997624d720, 0x000001997624e650, 0x000001997624d210, 0x000001997624f070,
0x000001997624b8c0, 0x000001997624f580, 0x000001997624c7f0, 0x00000199762513e0,
0x0000019976252d30, 0x0000019976253240, 0x000001997624fa90, 0x000001997624ffa0,
0x0000019976250ed0, 0x0000019976251e00, 0x00000199762504b0, 0x00000199762509c0,
0x0000019976252310, 0x00000199762518f0, 0x0000019976252820, 0x00000199750faa00,
0x00000199750fa4f0, 0x00000199750f8180, 0x00000199750faf10, 0x00000199750f9fe0,
0x00000199750f9ad0, 0x00000199750f95c0, 0x00000199750f8690, 0x00000199750f7c70,
0x00000199750f8ba0, 0x00000199750f90b0, 0x00000199750fb420, 0x0000019975092790,
0x0000019975094b00, 0x0000019975095010, 0x0000019975095520, 0x0000019975095a30,
0x0000019975095f40, 0x0000019975096450, 0x00000199750931b0, 0x0000019975092ca0,
0x00000199750945f0, 0x0000019975096960, 0x0000019975096e70, 0x00000199750936c0,
0x0000019975097380, 0x0000019975093bd0, 0x00000199750940e0, 0x0000019975097da0,
0x00000199750982b0, 0x0000019975098cd0, 0x00000199750991e0, 0x00000199750996f0,
0x0000019975099c00, 0x000001997509a110, 0x00000199768288f0, 0x0000019976826070,
0x00000199768279c0, 0x0000019976826fa0, 0x0000019976827ed0, 0x0000019976828e00,
0x0000019976829310, 0x00000199768283e0, 0x000001997682cac0, 0x000001997682c5b0,
0x000001997682d9f0, 0x000001997634cc60, 0x000001997634a3e0, 0x000001997634d170,
0x000001997634c750, 0x000001997634db90, 0x0000019973c59d90, 0x000001997682b680,
0x000001997c5afcd0, 0x000001997c5b01e0, 0x000001997c5b1b30, 0x000001997c5b1620,
0x000001997c5b2550, 0x000001997c5af2b0, 0x000001997c5aeda0, 0x000001997c5b3480,
0x000001997c5b57f0, 0x000001997c5b4dd0, 0x000001997c5b48c0, 0x000001997c5b2040,
0x000001997c5b3990, 0x000001997c5b3ea0, 0x000001997c5b6720, 0x000001997c5b06f0,
0x000001997c5b0c00, 0x000001997c5b9ed0, 0x000001997c5ba3e0, 0x000001997c5bae00,
0x000001997c5bb820, 0x000001997c5b99c0, 0x000001997c5b8a90, 0x000001997c5b8fa0,
0x000001997c5bd170, 0x000001997c5bd680, 0x000001997c5be5b0, 0x000001997c5bdb90,
0x00000199765806d0, 0x000001997d0c19f0, 0x000001997ff35610
}

Java Threads: ( => current thread )
  0x000001994ebd60f0 JavaThread "main" [_thread_blocked, id=29524, stack(0x000000611cc00000,0x000000611cd00000)]
  0x000001996cb29980 JavaThread "Reference Handler" daemon [_thread_blocked, id=29592, stack(0x000000611d300000,0x000000611d400000)]
  0x000001996cb2c550 JavaThread "Finalizer" daemon [_thread_blocked, id=32636, stack(0x000000611d400000,0x000000611d500000)]
  0x000001996cb49640 JavaThread "Signal Dispatcher" daemon [_thread_blocked, id=28628, stack(0x000000611d500000,0x000000611d600000)]
  0x000001996cb4a010 JavaThread "Attach Listener" daemon [_thread_blocked, id=31768, stack(0x000000611d600000,0x000000611d700000)]
  0x000001996cb4cae0 JavaThread "Service Thread" daemon [_thread_blocked, id=23768, stack(0x000000611d700000,0x000000611d800000)]
  0x000001996cb4d4a0 JavaThread "Monitor Deflation Thread" daemon [_thread_blocked, id=30164, stack(0x000000611d800000,0x000000611d900000)]
=>0x000001996cb4e190 JavaThread "C2 CompilerThread0" daemon [_thread_in_native, id=29132, stack(0x000000611d900000,0x000000611da00000)]
  0x000001996cb4fab0 JavaThread "C1 CompilerThread0" daemon [_thread_in_native, id=14468, stack(0x000000611da00000,0x000000611db00000)]
  0x000001996d508de0 JavaThread "Sweeper thread" daemon [_thread_blocked, id=20764, stack(0x000000611db00000,0x000000611dc00000)]
  0x000001996cb13280 JavaThread "Common-Cleaner" daemon [_thread_blocked, id=28564, stack(0x000000611dc00000,0x000000611dd00000)]
  0x000001996d6a7110 JavaThread "Notification Thread" daemon [_thread_blocked, id=32192, stack(0x000000611dd00000,0x000000611de00000)]
  0x00000199736345d0 JavaThread "Daemon health stats" [_thread_blocked, id=30968, stack(0x000000611e400000,0x000000611e500000)]
  0x000001997346d560 JavaThread "Incoming local TCP Connector on port 62490" [_thread_in_native, id=17652, stack(0x000000611df00000,0x000000611e000000)]
  0x0000019973867be0 JavaThread "Daemon periodic checks" [_thread_blocked, id=21992, stack(0x000000611e500000,0x000000611e600000)]
  0x00000199738f0cd0 JavaThread "Daemon" [_thread_blocked, id=28368, stack(0x000000611e600000,0x000000611e700000)]
  0x0000019973903c00 JavaThread "Handler for socket connection from /127.0.0.1:62490 to /127.0.0.1:62491" [_thread_in_native, id=18764, stack(0x000000611e700000,0x000000611e800000)]
  0x0000019973aacdb0 JavaThread "Cancel handler" [_thread_blocked, id=29020, stack(0x000000611e800000,0x000000611e900000)]
  0x0000019973aad7d0 JavaThread "Daemon worker" [_thread_blocked, id=30804, stack(0x000000611e900000,0x000000611ea00000)]
  0x0000019973aac8a0 JavaThread "Asynchronous log dispatcher for DefaultDaemonConnection: socket connection from /127.0.0.1:62490 to /127.0.0.1:62491" [_thread_blocked, id=9888, stack(0x000000611ea00000,0x000000611eb00000)]
  0x0000019973aac390 JavaThread "Stdin handler" [_thread_blocked, id=30188, stack(0x000000611eb00000,0x000000611ec00000)]
  0x0000019973aad2c0 JavaThread "Daemon client event forwarder" [_thread_blocked, id=22368, stack(0x000000611ec00000,0x000000611ed00000)]
  0x0000019973aabe80 JavaThread "Cache worker for journal cache (C:\Users\Nico\.gradle\caches\journal-1)" [_thread_blocked, id=28972, stack(0x000000611ee00000,0x000000611ef00000)]
  0x0000019973aadce0 JavaThread "File lock request listener" [_thread_in_native, id=30084, stack(0x000000611ef00000,0x000000611f000000)]
  0x0000019973aae700 JavaThread "Cache worker for file hash cache (C:\Users\Nico\.gradle\caches\8.13\fileHashes)" [_thread_blocked, id=29548, stack(0x000000611f000000,0x000000611f100000)]
  0x0000019973aaaf50 JavaThread "Cache worker for file hash cache (C:\Users\Nico\Documents\SOFTENG24_05\VIBRO\android\.gradle\8.13\fileHashes)" [_thread_in_native, id=14952, stack(0x000000611f600000,0x000000611f700000)]
  0x0000019973aab460 JavaThread "Cache worker for Build Output Cleanup Cache (C:\Users\Nico\Documents\SOFTENG24_05\VIBRO\android\.gradle\buildOutputCleanup)" [_thread_blocked, id=24652, stack(0x000000611f700000,0x000000611f800000)]
  0x0000019973aab970 JavaThread "File watcher server" daemon [_thread_in_native, id=27652, stack(0x000000611fa00000,0x000000611fb00000)]
  0x0000019973c57a20 JavaThread "File watcher consumer" daemon [_thread_blocked, id=26256, stack(0x000000611fb00000,0x000000611fc00000)]
  0x0000019973c59880 JavaThread "jar transforms" [_thread_blocked, id=18956, stack(0x000000611fc00000,0x000000611fd00000)]
  0x0000019973c5a7b0 JavaThread "Cache worker for checksums cache (C:\Users\Nico\Documents\SOFTENG24_05\VIBRO\android\.gradle\8.13\checksums)" [_thread_blocked, id=15748, stack(0x000000611fd00000,0x000000611fe00000)]
  0x0000019973c58e60 JavaThread "Cache worker for file content cache (C:\Users\Nico\.gradle\caches\8.13\fileContent)" [_thread_blocked, id=31356, stack(0x000000611fe00000,0x000000611ff00000)]
  0x0000019973c5a2a0 JavaThread "Cache worker for cache directory md-supplier (C:\Users\Nico\.gradle\caches\8.13\md-supplier)" [_thread_blocked, id=22312, stack(0x000000611ff00000,0x0000006120000000)]
  0x0000019973c59370 JavaThread "Cache worker for cache directory md-rule (C:\Users\Nico\.gradle\caches\8.13\md-rule)" [_thread_blocked, id=20708, stack(0x0000006120000000,0x0000006120100000)]
  0x0000019973c57f30 JavaThread "Cache worker for Build Output Cleanup Cache (C:\Users\Nico\Documents\SOFTENG24_05\VIBRO\node_modules\@react-native\gradle-plugin\.gradle\buildOutputCleanup)" [_thread_blocked, id=17248, stack(0x0000006120100000,0x0000006120200000)]
  0x0000019973c58440 JavaThread "Unconstrained build operations" [_thread_blocked, id=31208, stack(0x000000611ed00000,0x000000611ee00000)]
  0x0000019973c5acc0 JavaThread "Unconstrained build operations Thread 2" [_thread_blocked, id=29900, stack(0x0000006120200000,0x0000006120300000)]
  0x0000019973c5b6e0 JavaThread "Unconstrained build operations Thread 3" [_thread_blocked, id=23596, stack(0x0000006120300000,0x0000006120400000)]
  0x0000019973c5c100 JavaThread "Unconstrained build operations Thread 4" [_thread_blocked, id=27520, stack(0x0000006120400000,0x0000006120500000)]
  0x0000019973c58950 JavaThread "Unconstrained build operations Thread 5" [_thread_blocked, id=6712, stack(0x0000006120500000,0x0000006120600000)]
  0x0000019973c5d030 JavaThread "Unconstrained build operations Thread 6" [_thread_blocked, id=25152, stack(0x0000006120600000,0x0000006120700000)]
  0x0000019973c5d540 JavaThread "Unconstrained build operations Thread 7" [_thread_blocked, id=10992, stack(0x0000006120700000,0x0000006120800000)]
  0x0000019973c5c610 JavaThread "Unconstrained build operations Thread 8" [_thread_blocked, id=17344, stack(0x0000006120800000,0x0000006120900000)]
  0x0000019973c5cb20 JavaThread "Unconstrained build operations Thread 9" [_thread_blocked, id=22600, stack(0x0000006120900000,0x0000006120a00000)]
  0x0000019973c5e470 JavaThread "Unconstrained build operations Thread 10" [_thread_blocked, id=27712, stack(0x0000006120a00000,0x0000006120b00000)]
  0x0000019973c5df60 JavaThread "Unconstrained build operations Thread 11" [_thread_blocked, id=32216, stack(0x0000006120b00000,0x0000006120c00000)]
  0x0000019973c5e980 JavaThread "Unconstrained build operations Thread 12" [_thread_blocked, id=18632, stack(0x0000006120c00000,0x0000006120d00000)]
  0x0000019973c5bbf0 JavaThread "Unconstrained build operations Thread 13" [_thread_blocked, id=22008, stack(0x0000006120d00000,0x0000006120e00000)]
  0x000001997597f8c0 JavaThread "Unconstrained build operations Thread 14" [_thread_blocked, id=4388, stack(0x0000006120e00000,0x0000006120f00000)]
  0x000001997597d550 JavaThread "Unconstrained build operations Thread 15" [_thread_blocked, id=21092, stack(0x0000006120f00000,0x0000006121000000)]
  0x000001997597f3b0 JavaThread "Unconstrained build operations Thread 16" [_thread_blocked, id=24556, stack(0x0000006121000000,0x0000006121100000)]
  0x000001997597eea0 JavaThread "Unconstrained build operations Thread 17" [_thread_blocked, id=21032, stack(0x0000006121100000,0x0000006121200000)]
  0x0000019975981210 JavaThread "Unconstrained build operations Thread 18" [_thread_blocked, id=5268, stack(0x0000006121200000,0x0000006121300000)]
  0x0000019975980d00 JavaThread "Unconstrained build operations Thread 19" [_thread_blocked, id=5212, stack(0x0000006121300000,0x0000006121400000)]
  0x000001997597e480 JavaThread "Unconstrained build operations Thread 20" [_thread_blocked, id=29248, stack(0x0000006121400000,0x0000006121500000)]
  0x000001997597da60 JavaThread "Unconstrained build operations Thread 21" [_thread_blocked, id=26376, stack(0x0000006121500000,0x0000006121600000)]
  0x000001997597e990 JavaThread "Unconstrained build operations Thread 22" [_thread_blocked, id=11080, stack(0x0000006121600000,0x0000006121700000)]
  0x000001997597fdd0 JavaThread "Unconstrained build operations Thread 23" [_thread_blocked, id=21484, stack(0x0000006121700000,0x0000006121800000)]
  0x00000199759802e0 JavaThread "Unconstrained build operations Thread 24" [_thread_blocked, id=20256, stack(0x0000006121800000,0x0000006121900000)]
  0x0000019975981720 JavaThread "Unconstrained build operations Thread 25" [_thread_blocked, id=12596, stack(0x0000006121900000,0x0000006121a00000)]
  0x00000199759807f0 JavaThread "Unconstrained build operations Thread 26" [_thread_blocked, id=19212, stack(0x0000006121a00000,0x0000006121b00000)]
  0x000001997597df70 JavaThread "Unconstrained build operations Thread 27" [_thread_blocked, id=25656, stack(0x0000006121b00000,0x0000006121c00000)]
  0x0000019975981c30 JavaThread "Unconstrained build operations Thread 28" [_thread_blocked, id=12848, stack(0x0000006121c00000,0x0000006121d00000)]
  0x0000019975983580 JavaThread "Unconstrained build operations Thread 29" [_thread_blocked, id=20592, stack(0x0000006121d00000,0x0000006121e00000)]
  0x0000019975983070 JavaThread "Unconstrained build operations Thread 30" [_thread_blocked, id=31220, stack(0x0000006121e00000,0x0000006121f00000)]
  0x0000019975983a90 JavaThread "Unconstrained build operations Thread 31" [_thread_blocked, id=13828, stack(0x0000006121f00000,0x0000006122000000)]
  0x0000019975983fa0 JavaThread "Unconstrained build operations Thread 32" [_thread_blocked, id=6040, stack(0x0000006122000000,0x0000006122100000)]
  0x0000019975982140 JavaThread "Unconstrained build operations Thread 33" [_thread_blocked, id=6268, stack(0x0000006122100000,0x0000006122200000)]
  0x0000019975982650 JavaThread "Unconstrained build operations Thread 34" [_thread_blocked, id=15764, stack(0x0000006122200000,0x0000006122300000)]
  0x0000019975982b60 JavaThread "Unconstrained build operations Thread 35" [_thread_blocked, id=31532, stack(0x0000006122300000,0x0000006122400000)]
  0x00000199759844b0 JavaThread "Unconstrained build operations Thread 36" [_thread_blocked, id=32164, stack(0x0000006122400000,0x0000006122500000)]
  0x00000199759849c0 JavaThread "Unconstrained build operations Thread 37" [_thread_blocked, id=21816, stack(0x0000006122500000,0x0000006122600000)]
  0x0000019975984ed0 JavaThread "Unconstrained build operations Thread 38" [_thread_blocked, id=23108, stack(0x0000006122600000,0x0000006122700000)]
  0x000001997657cf20 JavaThread "Unconstrained build operations Thread 39" [_thread_blocked, id=7020, stack(0x0000006122700000,0x0000006122800000)]
  0x000001997657bae0 JavaThread "build event listener" [_thread_blocked, id=29148, stack(0x0000006122800000,0x0000006122900000)]
  0x0000019976579c80 JavaThread "Memory manager" [_thread_blocked, id=30876, stack(0x0000006122900000,0x0000006122a00000)]
  0x000001997657c500 JavaThread "ForkJoinPool.commonPool-worker-1" daemon [_thread_blocked, id=20148, stack(0x0000006122a00000,0x0000006122b00000)]
  0x000001997657bff0 JavaThread "ForkJoinPool.commonPool-worker-2" daemon [_thread_blocked, id=8360, stack(0x0000006122b00000,0x0000006122c00000)]
  0x000001997657ca10 JavaThread "ForkJoinPool.commonPool-worker-3" daemon [_thread_blocked, id=30788, stack(0x0000006122c00000,0x0000006122d00000)]
  0x000001997657abb0 JavaThread "ForkJoinPool.commonPool-worker-4" daemon [_thread_blocked, id=20532, stack(0x0000006122d00000,0x0000006122e00000)]
  0x000001997657b5d0 JavaThread "ForkJoinPool.commonPool-worker-5" daemon [_thread_blocked, id=30916, stack(0x0000006122e00000,0x0000006122f00000)]
  0x000001997657a190 JavaThread "ForkJoinPool.commonPool-worker-6" daemon [_thread_blocked, id=29196, stack(0x0000006122f00000,0x0000006123000000)]
  0x0000019976579770 JavaThread "ForkJoinPool.commonPool-worker-7" daemon [_thread_blocked, id=30472, stack(0x0000006123000000,0x0000006123100000)]
  0x000001997657b0c0 JavaThread "ForkJoinPool.commonPool-worker-8" daemon [_thread_blocked, id=27616, stack(0x0000006123100000,0x0000006123200000)]
  0x000001997657f290 JavaThread "ForkJoinPool.commonPool-worker-9" daemon [_thread_blocked, id=22288, stack(0x0000006123200000,0x0000006123300000)]
  0x000001997657f7a0 JavaThread "ForkJoinPool.commonPool-worker-10" daemon [_thread_blocked, id=27248, stack(0x0000006123600000,0x0000006123700000)]
  0x000001997657e360 JavaThread "ForkJoinPool.commonPool-worker-11" daemon [_thread_blocked, id=3080, stack(0x0000006123700000,0x0000006123800000)]
  0x0000019976580be0 JavaThread "included builds" [_thread_blocked, id=21424, stack(0x0000006123800000,0x0000006123900000)]
  0x000001997657fcb0 JavaThread "Execution worker" [_thread_blocked, id=11672, stack(0x0000006123900000,0x0000006123a00000)]
  0x000001997657d430 JavaThread "Execution worker Thread 2" [_thread_in_Java, id=15652, stack(0x0000006123a00000,0x0000006123b00000)]
  0x00000199765801c0 JavaThread "Execution worker Thread 3" [_thread_blocked, id=4912, stack(0x0000006123b00000,0x0000006123c00000)]
  0x00000199765810f0 JavaThread "Execution worker Thread 4" [_thread_blocked, id=22092, stack(0x0000006123c00000,0x0000006123d00000)]
  0x000001997657e870 JavaThread "Execution worker Thread 5" [_thread_in_native, id=6688, stack(0x0000006123d00000,0x0000006123e00000)]
  0x000001997657ed80 JavaThread "Execution worker Thread 6" [_thread_blocked, id=24024, stack(0x0000006123e00000,0x0000006123f00000)]
  0x00000199749faa70 JavaThread "Execution worker Thread 7" [_thread_in_vm, id=27120, stack(0x0000006123f00000,0x0000006124000000)]
  0x00000199749faf80 JavaThread "Execution worker Thread 8" [_thread_in_Java, id=8536, stack(0x0000006124000000,0x0000006124100000)]
  0x00000199749fb490 JavaThread "Execution worker Thread 9" [_thread_in_Java, id=12172, stack(0x0000006124100000,0x0000006124200000)]
  0x00000199749fb9a0 JavaThread "Execution worker Thread 10" [_thread_blocked, id=7436, stack(0x0000006124200000,0x0000006124300000)]
  0x00000199749f81f0 JavaThread "Execution worker Thread 11" [_thread_blocked, id=15692, stack(0x0000006124300000,0x0000006124400000)]
  0x00000199749fa560 JavaThread "Cache worker for execution history cache (C:\Users\Nico\Documents\SOFTENG24_05\VIBRO\node_modules\@react-native\gradle-plugin\.gradle\8.13\executionHistory)" [_thread_blocked, id=17948, stack(0x0000006124400000,0x0000006124500000)]
  0x00000199749f8700 JavaThread "Unconstrained build operations Thread 40" [_thread_blocked, id=19032, stack(0x0000006124500000,0x0000006124600000)]
  0x00000199749f8c10 JavaThread "Unconstrained build operations Thread 41" [_thread_blocked, id=29276, stack(0x0000006124600000,0x0000006124700000)]
  0x00000199749fa050 JavaThread "Unconstrained build operations Thread 42" [_thread_blocked, id=26088, stack(0x0000006124700000,0x0000006124800000)]
  0x00000199749f9120 JavaThread "Unconstrained build operations Thread 43" [_thread_blocked, id=32200, stack(0x0000006124800000,0x0000006124900000)]
  0x00000199749f9630 JavaThread "Unconstrained build operations Thread 44" [_thread_blocked, id=29640, stack(0x0000006124900000,0x0000006124a00000)]
  0x00000199749f9b40 JavaThread "Unconstrained build operations Thread 45" [_thread_blocked, id=32372, stack(0x0000006124a00000,0x0000006124b00000)]
  0x00000199753abfb0 JavaThread "Unconstrained build operations Thread 46" [_thread_blocked, id=32700, stack(0x0000006124b00000,0x0000006124c00000)]
  0x00000199753aa660 JavaThread "Unconstrained build operations Thread 47" [_thread_blocked, id=18456, stack(0x0000006124c00000,0x0000006124d00000)]
  0x00000199753ac4c0 JavaThread "Unconstrained build operations Thread 48" [_thread_blocked, id=31188, stack(0x0000006124d00000,0x0000006124e00000)]
  0x00000199753ad3f0 JavaThread "Unconstrained build operations Thread 49" [_thread_blocked, id=28580, stack(0x0000006124e00000,0x0000006124f00000)]
  0x00000199753aab70 JavaThread "Unconstrained build operations Thread 50" [_thread_blocked, id=1444, stack(0x0000006124f00000,0x0000006125000000)]
  0x00000199753abaa0 JavaThread "Unconstrained build operations Thread 51" [_thread_blocked, id=19420, stack(0x0000006125000000,0x0000006125100000)]
  0x00000199753ab080 JavaThread "Unconstrained build operations Thread 52" [_thread_blocked, id=5608, stack(0x0000006125100000,0x0000006125200000)]
  0x00000199753ac9d0 JavaThread "Unconstrained build operations Thread 53" [_thread_blocked, id=18628, stack(0x0000006125200000,0x0000006125300000)]
  0x00000199753ab590 JavaThread "Unconstrained build operations Thread 54" [_thread_blocked, id=13704, stack(0x0000006125300000,0x0000006125400000)]
  0x00000199753acee0 JavaThread "Unconstrained build operations Thread 55" [_thread_blocked, id=19252, stack(0x0000006125400000,0x0000006125500000)]
  0x00000199753ad900 JavaThread "Unconstrained build operations Thread 56" [_thread_blocked, id=29152, stack(0x0000006125500000,0x0000006125600000)]
  0x00000199753aa150 JavaThread "Unconstrained build operations Thread 57" [_thread_blocked, id=31152, stack(0x0000006125600000,0x0000006125700000)]
  0x000001997624c2e0 JavaThread "Unconstrained build operations Thread 58" [_thread_blocked, id=28076, stack(0x0000006125700000,0x0000006125800000)]
  0x000001997624e140 JavaThread "Unconstrained build operations Thread 59" [_thread_blocked, id=17560, stack(0x0000006125800000,0x0000006125900000)]
  0x000001997624dc30 JavaThread "Unconstrained build operations Thread 60" [_thread_blocked, id=28812, stack(0x0000006125900000,0x0000006125a00000)]
  0x000001997624cd00 JavaThread "Unconstrained build operations Thread 61" [_thread_blocked, id=28016, stack(0x0000006125a00000,0x0000006125b00000)]
  0x000001997624bdd0 JavaThread "Unconstrained build operations Thread 62" [_thread_blocked, id=14536, stack(0x0000006125b00000,0x0000006125c00000)]
  0x000001997624eb60 JavaThread "Unconstrained build operations Thread 63" [_thread_blocked, id=14944, stack(0x0000006125c00000,0x0000006125d00000)]
  0x000001997624d720 JavaThread "Unconstrained build operations Thread 64" [_thread_blocked, id=19180, stack(0x0000006125d00000,0x0000006125e00000)]
  0x000001997624e650 JavaThread "Unconstrained build operations Thread 65" [_thread_blocked, id=19196, stack(0x0000006125e00000,0x0000006125f00000)]
  0x000001997624d210 JavaThread "Unconstrained build operations Thread 66" [_thread_blocked, id=16832, stack(0x0000006125f00000,0x0000006126000000)]
  0x000001997624f070 JavaThread "Unconstrained build operations Thread 67" [_thread_blocked, id=30852, stack(0x0000006126000000,0x0000006126100000)]
  0x000001997624b8c0 JavaThread "Unconstrained build operations Thread 68" [_thread_blocked, id=25384, stack(0x0000006126100000,0x0000006126200000)]
  0x000001997624f580 JavaThread "Unconstrained build operations Thread 69" [_thread_blocked, id=17612, stack(0x0000006126200000,0x0000006126300000)]
  0x000001997624c7f0 JavaThread "Unconstrained build operations Thread 70" [_thread_blocked, id=32100, stack(0x0000006126300000,0x0000006126400000)]
  0x00000199762513e0 JavaThread "Unconstrained build operations Thread 71" [_thread_blocked, id=4468, stack(0x0000006126400000,0x0000006126500000)]
  0x0000019976252d30 JavaThread "Unconstrained build operations Thread 72" [_thread_blocked, id=25548, stack(0x0000006126500000,0x0000006126600000)]
  0x0000019976253240 JavaThread "Unconstrained build operations Thread 73" [_thread_blocked, id=7260, stack(0x0000006126600000,0x0000006126700000)]
  0x000001997624fa90 JavaThread "Unconstrained build operations Thread 74" [_thread_blocked, id=24148, stack(0x0000006126700000,0x0000006126800000)]
  0x000001997624ffa0 JavaThread "Unconstrained build operations Thread 75" [_thread_blocked, id=32552, stack(0x0000006126800000,0x0000006126900000)]
  0x0000019976250ed0 JavaThread "Unconstrained build operations Thread 76" [_thread_blocked, id=22068, stack(0x0000006126900000,0x0000006126a00000)]
  0x0000019976251e00 JavaThread "Unconstrained build operations Thread 77" [_thread_blocked, id=28944, stack(0x0000006126a00000,0x0000006126b00000)]
  0x00000199762504b0 JavaThread "Unconstrained build operations Thread 78" [_thread_blocked, id=21944, stack(0x0000006126b00000,0x0000006126c00000)]
  0x00000199762509c0 JavaThread "Unconstrained build operations Thread 79" [_thread_blocked, id=18448, stack(0x0000006126c00000,0x0000006126d00000)]
  0x0000019976252310 JavaThread "Unconstrained build operations Thread 80" [_thread_blocked, id=8056, stack(0x0000006126d00000,0x0000006126e00000)]
  0x00000199762518f0 JavaThread "Unconstrained build operations Thread 81" [_thread_blocked, id=27752, stack(0x0000006126e00000,0x0000006126f00000)]
  0x0000019976252820 JavaThread "Unconstrained build operations Thread 82" [_thread_blocked, id=12656, stack(0x0000006126f00000,0x0000006127000000)]
  0x00000199750faa00 JavaThread "Unconstrained build operations Thread 83" [_thread_blocked, id=10308, stack(0x0000006127000000,0x0000006127100000)]
  0x00000199750fa4f0 JavaThread "Unconstrained build operations Thread 84" [_thread_blocked, id=9036, stack(0x0000006127100000,0x0000006127200000)]
  0x00000199750f8180 JavaThread "Unconstrained build operations Thread 85" [_thread_blocked, id=9344, stack(0x0000006127200000,0x0000006127300000)]
  0x00000199750faf10 JavaThread "Unconstrained build operations Thread 86" [_thread_blocked, id=30148, stack(0x0000006127300000,0x0000006127400000)]
  0x00000199750f9fe0 JavaThread "Unconstrained build operations Thread 87" [_thread_blocked, id=24960, stack(0x0000006127400000,0x0000006127500000)]
  0x00000199750f9ad0 JavaThread "Unconstrained build operations Thread 88" [_thread_blocked, id=2644, stack(0x0000006127500000,0x0000006127600000)]
  0x00000199750f95c0 JavaThread "Unconstrained build operations Thread 89" [_thread_blocked, id=24200, stack(0x0000006127600000,0x0000006127700000)]
  0x00000199750f8690 JavaThread "Unconstrained build operations Thread 90" [_thread_blocked, id=18464, stack(0x0000006127700000,0x0000006127800000)]
  0x00000199750f7c70 JavaThread "Unconstrained build operations Thread 91" [_thread_blocked, id=25744, stack(0x0000006127800000,0x0000006127900000)]
  0x00000199750f8ba0 JavaThread "Unconstrained build operations Thread 92" [_thread_blocked, id=30660, stack(0x0000006127900000,0x0000006127a00000)]
  0x00000199750f90b0 JavaThread "Unconstrained build operations Thread 93" [_thread_blocked, id=16176, stack(0x0000006127a00000,0x0000006127b00000)]
  0x00000199750fb420 JavaThread "Unconstrained build operations Thread 94" [_thread_blocked, id=21576, stack(0x0000006127b00000,0x0000006127c00000)]
  0x0000019975092790 JavaThread "Unconstrained build operations Thread 95" [_thread_blocked, id=4452, stack(0x0000006127c00000,0x0000006127d00000)]
  0x0000019975094b00 JavaThread "Unconstrained build operations Thread 96" [_thread_blocked, id=16920, stack(0x0000006127d00000,0x0000006127e00000)]
  0x0000019975095010 JavaThread "Unconstrained build operations Thread 97" [_thread_blocked, id=16412, stack(0x0000006127e00000,0x0000006127f00000)]
  0x0000019975095520 JavaThread "Unconstrained build operations Thread 98" [_thread_blocked, id=9456, stack(0x0000006127f00000,0x0000006128000000)]
  0x0000019975095a30 JavaThread "Unconstrained build operations Thread 99" [_thread_blocked, id=16664, stack(0x0000006128000000,0x0000006128100000)]
  0x0000019975095f40 JavaThread "Unconstrained build operations Thread 100" [_thread_blocked, id=18900, stack(0x0000006128100000,0x0000006128200000)]
  0x0000019975096450 JavaThread "Unconstrained build operations Thread 101" [_thread_blocked, id=30776, stack(0x0000006128200000,0x0000006128300000)]
  0x00000199750931b0 JavaThread "Unconstrained build operations Thread 102" [_thread_blocked, id=7616, stack(0x0000006128300000,0x0000006128400000)]
  0x0000019975092ca0 JavaThread "Unconstrained build operations Thread 103" [_thread_blocked, id=20512, stack(0x0000006128400000,0x0000006128500000)]
  0x00000199750945f0 JavaThread "Unconstrained build operations Thread 104" [_thread_blocked, id=13620, stack(0x0000006128500000,0x0000006128600000)]
  0x0000019975096960 JavaThread "Unconstrained build operations Thread 105" [_thread_blocked, id=11512, stack(0x0000006128600000,0x0000006128700000)]
  0x0000019975096e70 JavaThread "Unconstrained build operations Thread 106" [_thread_blocked, id=7508, stack(0x0000006128700000,0x0000006128800000)]
  0x00000199750936c0 JavaThread "Unconstrained build operations Thread 107" [_thread_blocked, id=24520, stack(0x0000006128800000,0x0000006128900000)]
  0x0000019975097380 JavaThread "Unconstrained build operations Thread 108" [_thread_blocked, id=6808, stack(0x0000006128900000,0x0000006128a00000)]
  0x0000019975093bd0 JavaThread "Unconstrained build operations Thread 109" [_thread_blocked, id=8624, stack(0x0000006128a00000,0x0000006128b00000)]
  0x00000199750940e0 JavaThread "Unconstrained build operations Thread 110" [_thread_blocked, id=24088, stack(0x0000006128b00000,0x0000006128c00000)]
  0x0000019975097da0 JavaThread "jar transforms Thread 2" [_thread_blocked, id=13168, stack(0x0000006128c00000,0x0000006128d00000)]
  0x00000199750982b0 JavaThread "jar transforms Thread 3" [_thread_blocked, id=17348, stack(0x0000006128e00000,0x0000006128f00000)]
  0x0000019975098cd0 JavaThread "Unconstrained build operations Thread 111" [_thread_blocked, id=31880, stack(0x0000006128d00000,0x0000006128e00000)]
  0x00000199750991e0 JavaThread "Unconstrained build operations Thread 112" [_thread_blocked, id=23328, stack(0x0000006128f00000,0x0000006129000000)]
  0x00000199750996f0 JavaThread "Unconstrained build operations Thread 113" [_thread_blocked, id=14252, stack(0x0000006129000000,0x0000006129100000)]
  0x0000019975099c00 JavaThread "Unconstrained build operations Thread 114" [_thread_blocked, id=18968, stack(0x0000006129100000,0x0000006129200000)]
  0x000001997509a110 JavaThread "Unconstrained build operations Thread 115" [_thread_blocked, id=17336, stack(0x0000006129200000,0x0000006129300000)]
  0x00000199768288f0 JavaThread "Unconstrained build operations Thread 116" [_thread_blocked, id=29824, stack(0x0000006129300000,0x0000006129400000)]
  0x0000019976826070 JavaThread "Unconstrained build operations Thread 117" [_thread_blocked, id=7068, stack(0x0000006129400000,0x0000006129500000)]
  0x00000199768279c0 JavaThread "Unconstrained build operations Thread 118" [_thread_blocked, id=29620, stack(0x0000006129500000,0x0000006129600000)]
  0x0000019976826fa0 JavaThread "Unconstrained build operations Thread 119" [_thread_blocked, id=3284, stack(0x0000006129600000,0x0000006129700000)]
  0x0000019976827ed0 JavaThread "Unconstrained build operations Thread 120" [_thread_blocked, id=23348, stack(0x0000006129700000,0x0000006129800000)]
  0x0000019976828e00 JavaThread "jar transforms Thread 4" [_thread_blocked, id=7300, stack(0x0000006129900000,0x0000006129a00000)]
  0x0000019976829310 JavaThread "jar transforms Thread 5" [_thread_blocked, id=396, stack(0x0000006129800000,0x0000006129900000)]
  0x00000199768283e0 JavaThread "jar transforms Thread 6" [_thread_blocked, id=30144, stack(0x0000006129c00000,0x0000006129d00000)]
  0x000001997682cac0 JavaThread "Problems report writer" [_thread_blocked, id=17620, stack(0x0000006129d00000,0x0000006129e00000)]
  0x000001997682c5b0 JavaThread "build event listener" [_thread_blocked, id=3824, stack(0x0000006129e00000,0x0000006129f00000)]
  0x000001997682d9f0 JavaThread "jar transforms Thread 7" [_thread_blocked, id=13428, stack(0x0000006129f00000,0x000000612a000000)]
  0x000001997634cc60 JavaThread "jar transforms Thread 8" [_thread_blocked, id=24532, stack(0x000000612a000000,0x000000612a100000)]
  0x000001997634a3e0 JavaThread "jar transforms Thread 9" [_thread_blocked, id=32316, stack(0x000000612a100000,0x000000612a200000)]
  0x000001997634d170 JavaThread "jar transforms Thread 10" [_thread_blocked, id=16900, stack(0x000000612a200000,0x000000612a300000)]
  0x000001997634c750 JavaThread "jar transforms Thread 11" [_thread_blocked, id=9356, stack(0x000000612a300000,0x000000612a400000)]
  0x000001997634db90 JavaThread "jar transforms Thread 12" [_thread_blocked, id=28904, stack(0x000000612a400000,0x000000612a500000)]
  0x0000019973c59d90 JavaThread "Cache worker for execution history cache (C:\Users\Nico\Documents\SOFTENG24_05\VIBRO\android\.gradle\8.13\executionHistory)" [_thread_blocked, id=28044, stack(0x000000611c900000,0x000000611ca00000)]
  0x000001997682b680 JavaThread "Cache worker for Java compile cache (C:\Users\Nico\.gradle\caches\8.13\javaCompile)" [_thread_blocked, id=23484, stack(0x000000611ca00000,0x000000611cb00000)]
  0x000001997c5afcd0 JavaThread "Build operations" [_thread_blocked, id=32588, stack(0x000000612a500000,0x000000612a600000)]
  0x000001997c5b01e0 JavaThread "Build operations Thread 2" [_thread_blocked, id=17508, stack(0x000000612a600000,0x000000612a700000)]
  0x000001997c5b1b30 JavaThread "Build operations Thread 3" [_thread_blocked, id=31264, stack(0x000000612a700000,0x000000612a800000)]
  0x000001997c5b1620 JavaThread "Build operations Thread 4" [_thread_blocked, id=15008, stack(0x000000612a800000,0x000000612a900000)]
  0x000001997c5b2550 JavaThread "Build operations Thread 5" [_thread_blocked, id=18620, stack(0x000000612a900000,0x000000612aa00000)]
  0x000001997c5af2b0 JavaThread "Build operations Thread 6" [_thread_blocked, id=2100, stack(0x000000612aa00000,0x000000612ab00000)]
  0x000001997c5aeda0 JavaThread "Build operations Thread 7" [_thread_blocked, id=4572, stack(0x000000612ab00000,0x000000612ac00000)]
  0x000001997c5b3480 JavaThread "Build operations Thread 8" [_thread_blocked, id=11924, stack(0x000000612ac00000,0x000000612ad00000)]
  0x000001997c5b57f0 JavaThread "Build operations Thread 9" [_thread_blocked, id=26824, stack(0x000000612ad00000,0x000000612ae00000)]
  0x000001997c5b4dd0 JavaThread "Build operations Thread 10" [_thread_blocked, id=25388, stack(0x000000612ae00000,0x000000612af00000)]
  0x000001997c5b48c0 JavaThread "Build operations Thread 11" [_thread_blocked, id=28108, stack(0x000000612af00000,0x000000612b000000)]
  0x000001997c5b2040 JavaThread "WorkerExecutor Queue" [_thread_blocked, id=7304, stack(0x000000612b000000,0x000000612b100000)]
  0x000001997c5b3990 JavaThread "Build operations Thread 12" [_thread_blocked, id=9592, stack(0x000000612b100000,0x000000612b200000)]
  0x000001997c5b3ea0 JavaThread "WorkerExecutor Queue Thread 2" [_thread_blocked, id=31948, stack(0x000000612b200000,0x000000612b300000)]
  0x000001997c5b6720 JavaThread "WorkerExecutor Queue Thread 4" [_thread_blocked, id=18744, stack(0x000000612b400000,0x000000612b500000)]
  0x000001997c5b06f0 JavaThread "WorkerExecutor Queue Thread 5" [_thread_blocked, id=19072, stack(0x000000612b500000,0x000000612b600000)]
  0x000001997c5b0c00 JavaThread "WorkerExecutor Queue Thread 6" [_thread_blocked, id=26796, stack(0x000000612b600000,0x000000612b700000)]
  0x000001997c5b9ed0 JavaThread "WorkerExecutor Queue Thread 7" [_thread_blocked, id=4444, stack(0x0000006123300000,0x0000006123400000)]
  0x000001997c5ba3e0 JavaThread "WorkerExecutor Queue Thread 8" [_thread_in_native, id=29828, stack(0x0000006123400000,0x0000006123500000)]
  0x000001997c5bae00 JavaThread "WorkerExecutor Queue Thread 9" [_thread_blocked, id=2460, stack(0x000000612b800000,0x000000612b900000)]
  0x000001997c5bb820 JavaThread "WorkerExecutor Queue Thread 10" [_thread_blocked, id=4084, stack(0x0000006123500000,0x0000006123600000)]
  0x000001997c5b99c0 JavaThread "WorkerExecutor Queue Thread 11" [_thread_blocked, id=22156, stack(0x000000612ba00000,0x000000612bb00000)]
  0x000001997c5b8a90 JavaThread "WorkerExecutor Queue Thread 12" [_thread_blocked, id=3196, stack(0x000000612bb00000,0x000000612bc00000)]
  0x000001997c5b8fa0 JavaThread "RMI Scheduler(0)" daemon [_thread_blocked, id=29520, stack(0x000000612bc00000,0x000000612bd00000)]
  0x000001997c5bd170 JavaThread "RMI RenewClean-[127.0.0.1:17558,org.jetbrains.kotlin.daemon.common.LoopbackNetworkInterface$ClientLoopbackSocketFactory@43135295]" daemon [_thread_blocked, id=32556, stack(0x000000612bd00000,0x000000612be00000)]
  0x000001997c5bd680 JavaThread "RMI GC Daemon" daemon [_thread_blocked, id=26840, stack(0x000000612be00000,0x000000612bf00000)]
  0x000001997c5be5b0 JavaThread "RMI TCP Accept-0" daemon [_thread_in_native, id=14056, stack(0x000000612bf00000,0x000000612c000000)]
  0x000001997c5bdb90 JavaThread "RMI Reaper" [_thread_blocked, id=16736, stack(0x000000612c000000,0x000000612c100000)]
  0x00000199765806d0 JavaThread "RMI TCP Connection(1)-127.0.0.1" daemon [_thread_in_native, id=3332, stack(0x000000612c100000,0x000000612c200000)]
  0x000001997d0c19f0 JavaThread "WorkerExecutor Queue Thread 13" [_thread_blocked, id=5956, stack(0x000000612b300000,0x000000612b400000)]
  0x000001997ff35610 JavaThread "WorkerExecutor Queue Thread 14" [_thread_blocked, id=28212, stack(0x000000612c200000,0x000000612c300000)]

Other Threads:
  0x000001996cb24390 VMThread "VM Thread" [stack: 0x000000611d200000,0x000000611d300000] [id=19336]
  0x000001994ebd6f70 WatcherThread [stack: 0x000000611de00000,0x000000611df00000] [id=28240]
  0x000001994ec332d0 GCTaskThread "GC Thread#0" [stack: 0x000000611cd00000,0x000000611ce00000] [id=31712]
  0x00000199721725e0 GCTaskThread "GC Thread#1" [stack: 0x000000611e000000,0x000000611e100000] [id=31908]
  0x00000199720b7ce0 GCTaskThread "GC Thread#2" [stack: 0x000000611e100000,0x000000611e200000] [id=10968]
  0x0000019972986860 GCTaskThread "GC Thread#3" [stack: 0x000000611e200000,0x000000611e300000] [id=22840]
  0x0000019972baa1d0 GCTaskThread "GC Thread#4" [stack: 0x000000611e300000,0x000000611e400000] [id=11144]
  0x0000019972daf890 GCTaskThread "GC Thread#5" [stack: 0x000000611f100000,0x000000611f200000] [id=21980]
  0x000001997395cba0 GCTaskThread "GC Thread#6" [stack: 0x000000611f200000,0x000000611f300000] [id=30120]
  0x000001997395ce60 GCTaskThread "GC Thread#7" [stack: 0x000000611f300000,0x000000611f400000] [id=16768]
  0x0000019974720ad0 GCTaskThread "GC Thread#8" [stack: 0x000000611f400000,0x000000611f500000] [id=26168]
  0x0000019974733010 GCTaskThread "GC Thread#9" [stack: 0x000000611f500000,0x000000611f600000] [id=21516]
  0x000001994ec44ef0 ConcurrentGCThread "G1 Main Marker" [stack: 0x000000611ce00000,0x000000611cf00000] [id=28720]
  0x000001994ec45910 ConcurrentGCThread "G1 Conc#0" [stack: 0x000000611cf00000,0x000000611d000000] [id=22232]
  0x0000019974fd4e30 ConcurrentGCThread "G1 Conc#1" [stack: 0x000000611f800000,0x000000611f900000] [id=30340]
  0x0000019974fd45f0 ConcurrentGCThread "G1 Conc#2" [stack: 0x000000611f900000,0x000000611fa00000] [id=19036]
  0x000001996c9ddfc0 ConcurrentGCThread "G1 Refine#0" [stack: 0x000000611d000000,0x000000611d100000] [id=30668]
  0x000001997f430aa0 ConcurrentGCThread "G1 Refine#1" [stack: 0x000000611cb00000,0x000000611cc00000] [id=32624]
  0x000001997ce46300 ConcurrentGCThread "G1 Refine#2" [stack: 0x000000612b700000,0x000000612b800000] [id=22724]
  0x000001996c9de890 ConcurrentGCThread "G1 Service" [stack: 0x000000611d100000,0x000000611d200000] [id=29688]

Threads with active compile tasks:
C2 CompilerThread0    92280 30369       4       com.android.tools.r8.internal.WX::a (177 bytes)
C1 CompilerThread0    92280 31246       2       com.android.tools.r8.internal.II::a (8 bytes)

VM state: not at safepoint (normal execution)

VM Mutex/Monitor currently owned by a thread:  ([mutex/lock_event])
[0x000001994c7b5780] CodeCache_lock - owner thread: 0x00000199749fb9a0
[0x000001994ebd3290] Compile_lock - owner thread: 0x00000199749fb9a0

Heap address: 0x0000000080000000, size: 2048 MB, Compressed Oops mode: 32-bit

CDS archive(s) mapped at: [0x0000019900000000-0x0000019900bb0000-0x0000019900bb0000), size 12255232, SharedBaseAddress: 0x0000019900000000, ArchiveRelocationMode: 1.
Compressed class space mapped at: 0x0000019901000000-0x000001991b000000, reserved size: 436207616
Narrow klass base: 0x0000019900000000, Narrow klass shift: 0, Narrow klass range: 0x100000000

GC Precious Log:
 CPUs: 12 total, 12 available
 Memory: 7895M
 Large Page Support: Disabled
 NUMA Support: Disabled
 Compressed Oops: Enabled (32-bit)
 Heap Region Size: 1M
 Heap Min Capacity: 8M
 Heap Initial Capacity: 124M
 Heap Max Capacity: 2G
 Pre-touch: Disabled
 Parallel Workers: 10
 Concurrent Workers: 3
 Concurrent Refinement Workers: 10
 Periodic GC: Disabled

Heap:
 garbage-first heap   total 534528K, used 440685K [0x0000000080000000, 0x0000000100000000)
  region size 1024K, 47 young (48128K), 5 survivors (5120K)
 Metaspace       used 167668K, committed 169792K, reserved 622592K
  class space    used 23364K, committed 24320K, reserved 425984K

Heap Regions: E=young(eden), S=young(survivor), O=old, HS=humongous(starts), HC=humongous(continues), CS=collection set, F=free, OA=open archive, CA=closed archive, TAMS=top-at-mark-start (previous, next)
|   0|0x0000000080000000, 0x0000000080100000, 0x0000000080100000|100%|HS|  |TAMS 0x0000000080100000, 0x0000000080000000| Complete 
|   1|0x0000000080100000, 0x0000000080200000, 0x0000000080200000|100%|HC|  |TAMS 0x0000000080200000, 0x0000000080100000| Complete 
|   2|0x0000000080200000, 0x0000000080300000, 0x0000000080300000|100%|HC|  |TAMS 0x0000000080300000, 0x0000000080200000| Complete 
|   3|0x0000000080300000, 0x0000000080400000, 0x0000000080400000|100%| O|  |TAMS 0x0000000080400000, 0x0000000080300000| Untracked 
|   4|0x0000000080400000, 0x0000000080500000, 0x0000000080500000|100%| O|  |TAMS 0x0000000080500000, 0x0000000080400000| Untracked 
|   5|0x0000000080500000, 0x0000000080600000, 0x0000000080600000|100%| O|  |TAMS 0x0000000080600000, 0x0000000080500000| Untracked 
|   6|0x0000000080600000, 0x0000000080700000, 0x0000000080700000|100%|HS|  |TAMS 0x0000000080700000, 0x0000000080600000| Complete 
|   7|0x0000000080700000, 0x0000000080800000, 0x0000000080800000|100%| O|  |TAMS 0x0000000080800000, 0x0000000080700000| Untracked 
|   8|0x0000000080800000, 0x0000000080900000, 0x0000000080900000|100%| O|  |TAMS 0x0000000080900000, 0x0000000080800000| Untracked 
|   9|0x0000000080900000, 0x0000000080a00000, 0x0000000080a00000|100%| O|  |TAMS 0x0000000080a00000, 0x0000000080900000| Untracked 
|  10|0x0000000080a00000, 0x0000000080b00000, 0x0000000080b00000|100%| O|  |TAMS 0x0000000080b00000, 0x0000000080a00000| Untracked 
|  11|0x0000000080b00000, 0x0000000080c00000, 0x0000000080c00000|100%| O|  |TAMS 0x0000000080c00000, 0x0000000080b00000| Untracked 
|  12|0x0000000080c00000, 0x0000000080d00000, 0x0000000080d00000|100%| O|  |TAMS 0x0000000080d00000, 0x0000000080c00000| Untracked 
|  13|0x0000000080d00000, 0x0000000080e00000, 0x0000000080e00000|100%| O|  |TAMS 0x0000000080e00000, 0x0000000080d00000| Untracked 
|  14|0x0000000080e00000, 0x0000000080f00000, 0x0000000080f00000|100%| O|  |TAMS 0x0000000080f00000, 0x0000000080e00000| Untracked 
|  15|0x0000000080f00000, 0x0000000081000000, 0x0000000081000000|100%| O|  |TAMS 0x0000000081000000, 0x0000000080f00000| Untracked 
|  16|0x0000000081000000, 0x0000000081100000, 0x0000000081100000|100%| O|  |TAMS 0x0000000081100000, 0x0000000081000000| Untracked 
|  17|0x0000000081100000, 0x0000000081200000, 0x0000000081200000|100%| O|  |TAMS 0x0000000081200000, 0x0000000081100000| Untracked 
|  18|0x0000000081200000, 0x0000000081300000, 0x0000000081300000|100%| O|  |TAMS 0x0000000081300000, 0x0000000081200000| Untracked 
|  19|0x0000000081300000, 0x0000000081400000, 0x0000000081400000|100%| O|  |TAMS 0x0000000081400000, 0x0000000081300000| Untracked 
|  20|0x0000000081400000, 0x0000000081500000, 0x0000000081500000|100%| O|  |TAMS 0x0000000081500000, 0x0000000081400000| Untracked 
|  21|0x0000000081500000, 0x0000000081600000, 0x0000000081600000|100%| O|  |TAMS 0x0000000081600000, 0x0000000081500000| Untracked 
|  22|0x0000000081600000, 0x0000000081700000, 0x0000000081700000|100%| O|  |TAMS 0x0000000081700000, 0x0000000081600000| Untracked 
|  23|0x0000000081700000, 0x0000000081800000, 0x0000000081800000|100%| O|  |TAMS 0x0000000081800000, 0x0000000081700000| Untracked 
|  24|0x0000000081800000, 0x0000000081900000, 0x0000000081900000|100%| O|  |TAMS 0x0000000081900000, 0x0000000081800000| Untracked 
|  25|0x0000000081900000, 0x0000000081a00000, 0x0000000081a00000|100%| O|  |TAMS 0x0000000081a00000, 0x0000000081900000| Untracked 
|  26|0x0000000081a00000, 0x0000000081b00000, 0x0000000081b00000|100%| O|  |TAMS 0x0000000081b00000, 0x0000000081a00000| Untracked 
|  27|0x0000000081b00000, 0x0000000081c00000, 0x0000000081c00000|100%| O|  |TAMS 0x0000000081c00000, 0x0000000081b00000| Untracked 
|  28|0x0000000081c00000, 0x0000000081d00000, 0x0000000081d00000|100%| O|  |TAMS 0x0000000081d00000, 0x0000000081c00000| Untracked 
|  29|0x0000000081d00000, 0x0000000081e00000, 0x0000000081e00000|100%| O|  |TAMS 0x0000000081e00000, 0x0000000081d00000| Untracked 
|  30|0x0000000081e00000, 0x0000000081f00000, 0x0000000081f00000|100%| O|  |TAMS 0x0000000081f00000, 0x0000000081e00000| Untracked 
|  31|0x0000000081f00000, 0x0000000082000000, 0x0000000082000000|100%| O|  |TAMS 0x0000000082000000, 0x0000000081f00000| Untracked 
|  32|0x0000000082000000, 0x0000000082100000, 0x0000000082100000|100%| O|  |TAMS 0x0000000082100000, 0x0000000082000000| Untracked 
|  33|0x0000000082100000, 0x0000000082200000, 0x0000000082200000|100%| O|  |TAMS 0x0000000082200000, 0x0000000082100000| Untracked 
|  34|0x0000000082200000, 0x0000000082300000, 0x0000000082300000|100%| O|  |TAMS 0x0000000082300000, 0x0000000082200000| Untracked 
|  35|0x0000000082300000, 0x0000000082400000, 0x0000000082400000|100%| O|  |TAMS 0x0000000082400000, 0x0000000082300000| Untracked 
|  36|0x0000000082400000, 0x0000000082500000, 0x0000000082500000|100%|HS|  |TAMS 0x0000000082500000, 0x0000000082400000| Complete 
|  37|0x0000000082500000, 0x0000000082600000, 0x0000000082600000|100%|HC|  |TAMS 0x0000000082600000, 0x0000000082500000| Complete 
|  38|0x0000000082600000, 0x0000000082700000, 0x0000000082700000|100%|HS|  |TAMS 0x0000000082700000, 0x0000000082600000| Complete 
|  39|0x0000000082700000, 0x0000000082800000, 0x0000000082800000|100%|HC|  |TAMS 0x0000000082800000, 0x0000000082700000| Complete 
|  40|0x0000000082800000, 0x0000000082900000, 0x0000000082900000|100%|HC|  |TAMS 0x0000000082900000, 0x0000000082800000| Complete 
|  41|0x0000000082900000, 0x0000000082a00000, 0x0000000082a00000|100%|HS|  |TAMS 0x0000000082a00000, 0x0000000082900000| Complete 
|  42|0x0000000082a00000, 0x0000000082b00000, 0x0000000082b00000|100%|HC|  |TAMS 0x0000000082b00000, 0x0000000082a00000| Complete 
|  43|0x0000000082b00000, 0x0000000082c00000, 0x0000000082c00000|100%| O|  |TAMS 0x0000000082c00000, 0x0000000082b00000| Untracked 
|  44|0x0000000082c00000, 0x0000000082d00000, 0x0000000082d00000|100%| O|  |TAMS 0x0000000082d00000, 0x0000000082c00000| Untracked 
|  45|0x0000000082d00000, 0x0000000082e00000, 0x0000000082e00000|100%| O|  |TAMS 0x0000000082e00000, 0x0000000082d00000| Untracked 
|  46|0x0000000082e00000, 0x0000000082f00000, 0x0000000082f00000|100%| O|  |TAMS 0x0000000082f00000, 0x0000000082e00000| Untracked 
|  47|0x0000000082f00000, 0x0000000083000000, 0x0000000083000000|100%| O|  |TAMS 0x0000000083000000, 0x0000000082f00000| Untracked 
|  48|0x0000000083000000, 0x0000000083100000, 0x0000000083100000|100%| O|  |TAMS 0x0000000083100000, 0x0000000083000000| Untracked 
|  49|0x0000000083100000, 0x0000000083200000, 0x0000000083200000|100%| O|  |TAMS 0x0000000083200000, 0x0000000083100000| Untracked 
|  50|0x0000000083200000, 0x0000000083300000, 0x0000000083300000|100%| O|  |TAMS 0x0000000083300000, 0x0000000083200000| Untracked 
|  51|0x0000000083300000, 0x0000000083400000, 0x0000000083400000|100%|HS|  |TAMS 0x0000000083400000, 0x0000000083300000| Complete 
|  52|0x0000000083400000, 0x0000000083500000, 0x0000000083500000|100%| O|  |TAMS 0x0000000083500000, 0x0000000083400000| Untracked 
|  53|0x0000000083500000, 0x0000000083600000, 0x0000000083600000|100%| O|  |TAMS 0x0000000083600000, 0x0000000083500000| Untracked 
|  54|0x0000000083600000, 0x0000000083700000, 0x0000000083700000|100%|HS|  |TAMS 0x0000000083700000, 0x0000000083600000| Complete 
|  55|0x0000000083700000, 0x0000000083800000, 0x0000000083800000|100%|HC|  |TAMS 0x0000000083800000, 0x0000000083700000| Complete 
|  56|0x0000000083800000, 0x0000000083900000, 0x0000000083900000|100%|HC|  |TAMS 0x0000000083900000, 0x0000000083800000| Complete 
|  57|0x0000000083900000, 0x0000000083a00000, 0x0000000083a00000|100%| O|  |TAMS 0x0000000083a00000, 0x0000000083900000| Untracked 
|  58|0x0000000083a00000, 0x0000000083b00000, 0x0000000083b00000|100%| O|  |TAMS 0x0000000083b00000, 0x0000000083a00000| Untracked 
|  59|0x0000000083b00000, 0x0000000083c00000, 0x0000000083c00000|100%| O|  |TAMS 0x0000000083c00000, 0x0000000083b00000| Untracked 
|  60|0x0000000083c00000, 0x0000000083d00000, 0x0000000083d00000|100%| O|  |TAMS 0x0000000083d00000, 0x0000000083c00000| Untracked 
|  61|0x0000000083d00000, 0x0000000083e00000, 0x0000000083e00000|100%| O|  |TAMS 0x0000000083e00000, 0x0000000083d00000| Untracked 
|  62|0x0000000083e00000, 0x0000000083f00000, 0x0000000083f00000|100%| O|  |TAMS 0x0000000083f00000, 0x0000000083e00000| Untracked 
|  63|0x0000000083f00000, 0x0000000084000000, 0x0000000084000000|100%| O|  |TAMS 0x0000000084000000, 0x0000000083f00000| Untracked 
|  64|0x0000000084000000, 0x0000000084100000, 0x0000000084100000|100%| O|  |TAMS 0x0000000084100000, 0x0000000084000000| Untracked 
|  65|0x0000000084100000, 0x0000000084200000, 0x0000000084200000|100%| O|  |TAMS 0x0000000084200000, 0x0000000084100000| Untracked 
|  66|0x0000000084200000, 0x0000000084300000, 0x0000000084300000|100%| O|  |TAMS 0x0000000084300000, 0x0000000084200000| Untracked 
|  67|0x0000000084300000, 0x0000000084400000, 0x0000000084400000|100%| O|  |TAMS 0x0000000084400000, 0x0000000084300000| Untracked 
|  68|0x0000000084400000, 0x0000000084500000, 0x0000000084500000|100%|HS|  |TAMS 0x0000000084500000, 0x0000000084400000| Complete 
|  69|0x0000000084500000, 0x0000000084600000, 0x0000000084600000|100%| O|  |TAMS 0x0000000084600000, 0x0000000084500000| Untracked 
|  70|0x0000000084600000, 0x0000000084700000, 0x0000000084700000|100%| O|  |TAMS 0x0000000084700000, 0x0000000084600000| Untracked 
|  71|0x0000000084700000, 0x0000000084800000, 0x0000000084800000|100%| O|  |TAMS 0x0000000084800000, 0x0000000084700000| Untracked 
|  72|0x0000000084800000, 0x0000000084900000, 0x0000000084900000|100%| O|  |TAMS 0x0000000084900000, 0x0000000084800000| Untracked 
|  73|0x0000000084900000, 0x0000000084a00000, 0x0000000084a00000|100%| O|  |TAMS 0x0000000084a00000, 0x0000000084900000| Untracked 
|  74|0x0000000084a00000, 0x0000000084b00000, 0x0000000084b00000|100%| O|  |TAMS 0x0000000084b00000, 0x0000000084a00000| Untracked 
|  75|0x0000000084b00000, 0x0000000084c00000, 0x0000000084c00000|100%| O|  |TAMS 0x0000000084c00000, 0x0000000084b00000| Untracked 
|  76|0x0000000084c00000, 0x0000000084d00000, 0x0000000084d00000|100%| O|  |TAMS 0x0000000084d00000, 0x0000000084c00000| Untracked 
|  77|0x0000000084d00000, 0x0000000084e00000, 0x0000000084e00000|100%| O|  |TAMS 0x0000000084e00000, 0x0000000084d00000| Untracked 
|  78|0x0000000084e00000, 0x0000000084f00000, 0x0000000084f00000|100%| O|  |TAMS 0x0000000084f00000, 0x0000000084e00000| Untracked 
|  79|0x0000000084f00000, 0x0000000085000000, 0x0000000085000000|100%| O|  |TAMS 0x0000000085000000, 0x0000000084f00000| Untracked 
|  80|0x0000000085000000, 0x0000000085100000, 0x0000000085100000|100%| O|  |TAMS 0x0000000085100000, 0x0000000085000000| Untracked 
|  81|0x0000000085100000, 0x0000000085200000, 0x0000000085200000|100%| O|  |TAMS 0x0000000085200000, 0x0000000085100000| Untracked 
|  82|0x0000000085200000, 0x0000000085300000, 0x0000000085300000|100%| O|  |TAMS 0x0000000085300000, 0x0000000085200000| Untracked 
|  83|0x0000000085300000, 0x0000000085400000, 0x0000000085400000|100%| O|  |TAMS 0x0000000085400000, 0x0000000085300000| Untracked 
|  84|0x0000000085400000, 0x0000000085500000, 0x0000000085500000|100%|HS|  |TAMS 0x0000000085500000, 0x0000000085400000| Complete 
|  85|0x0000000085500000, 0x0000000085600000, 0x0000000085600000|100%|HS|  |TAMS 0x0000000085600000, 0x0000000085500000| Complete 
|  86|0x0000000085600000, 0x0000000085700000, 0x0000000085700000|100%|HS|  |TAMS 0x0000000085700000, 0x0000000085600000| Complete 
|  87|0x0000000085700000, 0x0000000085800000, 0x0000000085800000|100%|HS|  |TAMS 0x0000000085800000, 0x0000000085700000| Complete 
|  88|0x0000000085800000, 0x0000000085900000, 0x0000000085900000|100%| O|  |TAMS 0x0000000085900000, 0x0000000085800000| Untracked 
|  89|0x0000000085900000, 0x0000000085a00000, 0x0000000085a00000|100%|HS|  |TAMS 0x0000000085a00000, 0x0000000085900000| Complete 
|  90|0x0000000085a00000, 0x0000000085b00000, 0x0000000085b00000|100%|HS|  |TAMS 0x0000000085b00000, 0x0000000085a00000| Complete 
|  91|0x0000000085b00000, 0x0000000085c00000, 0x0000000085c00000|100%|HS|  |TAMS 0x0000000085c00000, 0x0000000085b00000| Complete 
|  92|0x0000000085c00000, 0x0000000085d00000, 0x0000000085d00000|100%|HC|  |TAMS 0x0000000085d00000, 0x0000000085c00000| Complete 
|  93|0x0000000085d00000, 0x0000000085e00000, 0x0000000085e00000|100%| O|  |TAMS 0x0000000085e00000, 0x0000000085d00000| Untracked 
|  94|0x0000000085e00000, 0x0000000085f00000, 0x0000000085f00000|100%|HS|  |TAMS 0x0000000085f00000, 0x0000000085e00000| Complete 
|  95|0x0000000085f00000, 0x0000000086000000, 0x0000000086000000|100%| O|  |TAMS 0x0000000086000000, 0x0000000085f00000| Untracked 
|  96|0x0000000086000000, 0x0000000086100000, 0x0000000086100000|100%| O|  |TAMS 0x0000000086100000, 0x0000000086000000| Untracked 
|  97|0x0000000086100000, 0x0000000086200000, 0x0000000086200000|100%| O|  |TAMS 0x0000000086200000, 0x0000000086100000| Untracked 
|  98|0x0000000086200000, 0x0000000086300000, 0x0000000086300000|100%| O|  |TAMS 0x0000000086300000, 0x0000000086200000| Untracked 
|  99|0x0000000086300000, 0x0000000086400000, 0x0000000086400000|100%| O|  |TAMS 0x0000000086400000, 0x0000000086300000| Untracked 
| 100|0x0000000086400000, 0x0000000086500000, 0x0000000086500000|100%| O|  |TAMS 0x0000000086500000, 0x0000000086400000| Untracked 
| 101|0x0000000086500000, 0x0000000086600000, 0x0000000086600000|100%| O|  |TAMS 0x0000000086500000, 0x0000000086500000| Untracked 
| 102|0x0000000086600000, 0x0000000086700000, 0x0000000086700000|100%| O|  |TAMS 0x0000000086700000, 0x0000000086600000| Untracked 
| 103|0x0000000086700000, 0x0000000086800000, 0x0000000086800000|100%| O|  |TAMS 0x0000000086800000, 0x0000000086700000| Untracked 
| 104|0x0000000086800000, 0x0000000086900000, 0x0000000086900000|100%| O|  |TAMS 0x0000000086900000, 0x0000000086800000| Untracked 
| 105|0x0000000086900000, 0x0000000086a00000, 0x0000000086a00000|100%| O|  |TAMS 0x0000000086a00000, 0x0000000086900000| Untracked 
| 106|0x0000000086a00000, 0x0000000086b00000, 0x0000000086b00000|100%| O|  |TAMS 0x0000000086b00000, 0x0000000086a00000| Untracked 
| 107|0x0000000086b00000, 0x0000000086c00000, 0x0000000086c00000|100%| O|  |TAMS 0x0000000086c00000, 0x0000000086b00000| Untracked 
| 108|0x0000000086c00000, 0x0000000086d00000, 0x0000000086d00000|100%| O|  |TAMS 0x0000000086d00000, 0x0000000086c00000| Untracked 
| 109|0x0000000086d00000, 0x0000000086e00000, 0x0000000086e00000|100%| O|  |TAMS 0x0000000086e00000, 0x0000000086d00000| Untracked 
| 110|0x0000000086e00000, 0x0000000086f00000, 0x0000000086f00000|100%| O|  |TAMS 0x0000000086f00000, 0x0000000086e00000| Untracked 
| 111|0x0000000086f00000, 0x0000000087000000, 0x0000000087000000|100%| O|  |TAMS 0x0000000087000000, 0x0000000086f00000| Untracked 
| 112|0x0000000087000000, 0x0000000087100000, 0x0000000087100000|100%| O|  |TAMS 0x0000000087100000, 0x0000000087000000| Untracked 
| 113|0x0000000087100000, 0x0000000087200000, 0x0000000087200000|100%| O|  |TAMS 0x0000000087200000, 0x0000000087100000| Untracked 
| 114|0x0000000087200000, 0x0000000087300000, 0x0000000087300000|100%| O|  |TAMS 0x0000000087300000, 0x0000000087200000| Untracked 
| 115|0x0000000087300000, 0x0000000087400000, 0x0000000087400000|100%| O|  |TAMS 0x0000000087400000, 0x0000000087300000| Untracked 
| 116|0x0000000087400000, 0x0000000087500000, 0x0000000087500000|100%| O|  |TAMS 0x0000000087500000, 0x0000000087400000| Untracked 
| 117|0x0000000087500000, 0x0000000087600000, 0x0000000087600000|100%| O|  |TAMS 0x0000000087600000, 0x0000000087500000| Untracked 
| 118|0x0000000087600000, 0x0000000087700000, 0x0000000087700000|100%| O|  |TAMS 0x0000000087700000, 0x0000000087600000| Untracked 
| 119|0x0000000087700000, 0x0000000087800000, 0x0000000087800000|100%| O|  |TAMS 0x0000000087800000, 0x0000000087700000| Untracked 
| 120|0x0000000087800000, 0x0000000087900000, 0x0000000087900000|100%| O|  |TAMS 0x0000000087900000, 0x0000000087800000| Untracked 
| 121|0x0000000087900000, 0x0000000087a00000, 0x0000000087a00000|100%| O|  |TAMS 0x0000000087a00000, 0x0000000087900000| Untracked 
| 122|0x0000000087a00000, 0x0000000087b00000, 0x0000000087b00000|100%| O|  |TAMS 0x0000000087b00000, 0x0000000087a00000| Untracked 
| 123|0x0000000087b00000, 0x0000000087c00000, 0x0000000087c00000|100%| O|  |TAMS 0x0000000087c00000, 0x0000000087b00000| Untracked 
| 124|0x0000000087c00000, 0x0000000087d00000, 0x0000000087d00000|100%| O|  |TAMS 0x0000000087d00000, 0x0000000087c00000| Untracked 
| 125|0x0000000087d00000, 0x0000000087e00000, 0x0000000087e00000|100%| O|  |TAMS 0x0000000087e00000, 0x0000000087d00000| Untracked 
| 126|0x0000000087e00000, 0x0000000087f00000, 0x0000000087f00000|100%| O|  |TAMS 0x0000000087f00000, 0x0000000087e00000| Untracked 
| 127|0x0000000087f00000, 0x0000000088000000, 0x0000000088000000|100%| O|  |TAMS 0x0000000088000000, 0x0000000087f00000| Untracked 
| 128|0x0000000088000000, 0x0000000088100000, 0x0000000088100000|100%| O|  |TAMS 0x0000000088100000, 0x0000000088000000| Untracked 
| 129|0x0000000088100000, 0x0000000088200000, 0x0000000088200000|100%| O|  |TAMS 0x0000000088200000, 0x0000000088100000| Untracked 
| 130|0x0000000088200000, 0x0000000088300000, 0x0000000088300000|100%| O|  |TAMS 0x0000000088300000, 0x0000000088200000| Untracked 
| 131|0x0000000088300000, 0x0000000088400000, 0x0000000088400000|100%| O|  |TAMS 0x0000000088400000, 0x0000000088300000| Untracked 
| 132|0x0000000088400000, 0x0000000088500000, 0x0000000088500000|100%| O|  |TAMS 0x0000000088500000, 0x0000000088400000| Untracked 
| 133|0x0000000088500000, 0x0000000088600000, 0x0000000088600000|100%| O|  |TAMS 0x0000000088600000, 0x0000000088500000| Untracked 
| 134|0x0000000088600000, 0x0000000088700000, 0x0000000088700000|100%| O|  |TAMS 0x0000000088600000, 0x0000000088600000| Untracked 
| 135|0x0000000088700000, 0x0000000088800000, 0x0000000088800000|100%| O|  |TAMS 0x0000000088800000, 0x0000000088700000| Untracked 
| 136|0x0000000088800000, 0x0000000088900000, 0x0000000088900000|100%| O|  |TAMS 0x0000000088900000, 0x0000000088800000| Untracked 
| 137|0x0000000088900000, 0x0000000088a00000, 0x0000000088a00000|100%| O|  |TAMS 0x0000000088a00000, 0x0000000088900000| Untracked 
| 138|0x0000000088a00000, 0x0000000088b00000, 0x0000000088b00000|100%| O|  |TAMS 0x0000000088b00000, 0x0000000088a00000| Untracked 
| 139|0x0000000088b00000, 0x0000000088c00000, 0x0000000088c00000|100%| O|  |TAMS 0x0000000088c00000, 0x0000000088b00000| Untracked 
| 140|0x0000000088c00000, 0x0000000088d00000, 0x0000000088d00000|100%| O|  |TAMS 0x0000000088d00000, 0x0000000088c00000| Untracked 
| 141|0x0000000088d00000, 0x0000000088e00000, 0x0000000088e00000|100%| O|  |TAMS 0x0000000088e00000, 0x0000000088d00000| Untracked 
| 142|0x0000000088e00000, 0x0000000088f00000, 0x0000000088f00000|100%| O|  |TAMS 0x0000000088f00000, 0x0000000088e00000| Untracked 
| 143|0x0000000088f00000, 0x0000000089000000, 0x0000000089000000|100%| O|  |TAMS 0x0000000089000000, 0x0000000088f00000| Untracked 
| 144|0x0000000089000000, 0x0000000089100000, 0x0000000089100000|100%| O|  |TAMS 0x0000000089100000, 0x0000000089000000| Untracked 
| 145|0x0000000089100000, 0x0000000089200000, 0x0000000089200000|100%| O|  |TAMS 0x0000000089200000, 0x0000000089100000| Untracked 
| 146|0x0000000089200000, 0x0000000089300000, 0x0000000089300000|100%| O|  |TAMS 0x0000000089300000, 0x0000000089200000| Untracked 
| 147|0x0000000089300000, 0x0000000089400000, 0x0000000089400000|100%| O|  |TAMS 0x0000000089400000, 0x0000000089300000| Untracked 
| 148|0x0000000089400000, 0x0000000089500000, 0x0000000089500000|100%| O|  |TAMS 0x0000000089500000, 0x0000000089400000| Untracked 
| 149|0x0000000089500000, 0x0000000089600000, 0x0000000089600000|100%| O|  |TAMS 0x0000000089600000, 0x0000000089500000| Untracked 
| 150|0x0000000089600000, 0x0000000089700000, 0x0000000089700000|100%| O|  |TAMS 0x0000000089700000, 0x0000000089600000| Untracked 
| 151|0x0000000089700000, 0x0000000089800000, 0x0000000089800000|100%| O|  |TAMS 0x0000000089800000, 0x0000000089700000| Untracked 
| 152|0x0000000089800000, 0x0000000089900000, 0x0000000089900000|100%| O|  |TAMS 0x0000000089900000, 0x0000000089800000| Untracked 
| 153|0x0000000089900000, 0x0000000089a00000, 0x0000000089a00000|100%| O|  |TAMS 0x0000000089a00000, 0x0000000089900000| Untracked 
| 154|0x0000000089a00000, 0x0000000089b00000, 0x0000000089b00000|100%| O|  |TAMS 0x0000000089b00000, 0x0000000089a00000| Untracked 
| 155|0x0000000089b00000, 0x0000000089c00000, 0x0000000089c00000|100%| O|  |TAMS 0x0000000089c00000, 0x0000000089b00000| Untracked 
| 156|0x0000000089c00000, 0x0000000089d00000, 0x0000000089d00000|100%| O|  |TAMS 0x0000000089d00000, 0x0000000089c00000| Untracked 
| 157|0x0000000089d00000, 0x0000000089e00000, 0x0000000089e00000|100%| O|  |TAMS 0x0000000089e00000, 0x0000000089d00000| Untracked 
| 158|0x0000000089e00000, 0x0000000089f00000, 0x0000000089f00000|100%|HS|  |TAMS 0x0000000089f00000, 0x0000000089e00000| Complete 
| 159|0x0000000089f00000, 0x000000008a000000, 0x000000008a000000|100%|HS|  |TAMS 0x000000008a000000, 0x0000000089f00000| Complete 
| 160|0x000000008a000000, 0x000000008a100000, 0x000000008a100000|100%|HS|  |TAMS 0x000000008a100000, 0x000000008a000000| Complete 
| 161|0x000000008a100000, 0x000000008a200000, 0x000000008a200000|100%| O|  |TAMS 0x000000008a200000, 0x000000008a100000| Untracked 
| 162|0x000000008a200000, 0x000000008a300000, 0x000000008a300000|100%| O|  |TAMS 0x000000008a300000, 0x000000008a200000| Untracked 
| 163|0x000000008a300000, 0x000000008a400000, 0x000000008a400000|100%| O|  |TAMS 0x000000008a400000, 0x000000008a300000| Untracked 
| 164|0x000000008a400000, 0x000000008a500000, 0x000000008a500000|100%| O|  |TAMS 0x000000008a500000, 0x000000008a400000| Untracked 
| 165|0x000000008a500000, 0x000000008a600000, 0x000000008a600000|100%| O|  |TAMS 0x000000008a600000, 0x000000008a500000| Untracked 
| 166|0x000000008a600000, 0x000000008a700000, 0x000000008a700000|100%| O|  |TAMS 0x000000008a700000, 0x000000008a600000| Untracked 
| 167|0x000000008a700000, 0x000000008a800000, 0x000000008a800000|100%| O|  |TAMS 0x000000008a800000, 0x000000008a700000| Untracked 
| 168|0x000000008a800000, 0x000000008a900000, 0x000000008a900000|100%| O|  |TAMS 0x000000008a900000, 0x000000008a800000| Untracked 
| 169|0x000000008a900000, 0x000000008aa00000, 0x000000008aa00000|100%| O|  |TAMS 0x000000008aa00000, 0x000000008a900000| Untracked 
| 170|0x000000008aa00000, 0x000000008ab00000, 0x000000008ab00000|100%| O|  |TAMS 0x000000008ab00000, 0x000000008aa00000| Untracked 
| 171|0x000000008ab00000, 0x000000008ac00000, 0x000000008ac00000|100%| O|  |TAMS 0x000000008ac00000, 0x000000008ab00000| Untracked 
| 172|0x000000008ac00000, 0x000000008ad00000, 0x000000008ad00000|100%|HS|  |TAMS 0x000000008ad00000, 0x000000008ac00000| Complete 
| 173|0x000000008ad00000, 0x000000008ae00000, 0x000000008ae00000|100%|HS|  |TAMS 0x000000008ae00000, 0x000000008ad00000| Complete 
| 174|0x000000008ae00000, 0x000000008af00000, 0x000000008af00000|100%|HS|  |TAMS 0x000000008af00000, 0x000000008ae00000| Complete 
| 175|0x000000008af00000, 0x000000008b000000, 0x000000008b000000|100%| O|  |TAMS 0x000000008b000000, 0x000000008af00000| Untracked 
| 176|0x000000008b000000, 0x000000008b100000, 0x000000008b100000|100%| O|  |TAMS 0x000000008b100000, 0x000000008b000000| Untracked 
| 177|0x000000008b100000, 0x000000008b200000, 0x000000008b200000|100%| O|  |TAMS 0x000000008b200000, 0x000000008b100000| Untracked 
| 178|0x000000008b200000, 0x000000008b300000, 0x000000008b300000|100%| O|  |TAMS 0x000000008b300000, 0x000000008b200000| Untracked 
| 179|0x000000008b300000, 0x000000008b400000, 0x000000008b400000|100%| O|  |TAMS 0x000000008b400000, 0x000000008b300000| Untracked 
| 180|0x000000008b400000, 0x000000008b500000, 0x000000008b500000|100%| O|  |TAMS 0x000000008b500000, 0x000000008b400000| Untracked 
| 181|0x000000008b500000, 0x000000008b600000, 0x000000008b600000|100%| O|  |TAMS 0x000000008b600000, 0x000000008b500000| Untracked 
| 182|0x000000008b600000, 0x000000008b700000, 0x000000008b700000|100%| O|  |TAMS 0x000000008b700000, 0x000000008b600000| Untracked 
| 183|0x000000008b700000, 0x000000008b800000, 0x000000008b800000|100%| O|  |TAMS 0x000000008b800000, 0x000000008b700000| Untracked 
| 184|0x000000008b800000, 0x000000008b900000, 0x000000008b900000|100%| O|  |TAMS 0x000000008b900000, 0x000000008b800000| Untracked 
| 185|0x000000008b900000, 0x000000008ba00000, 0x000000008ba00000|100%| O|  |TAMS 0x000000008ba00000, 0x000000008b900000| Untracked 
| 186|0x000000008ba00000, 0x000000008bb00000, 0x000000008bb00000|100%| O|  |TAMS 0x000000008bb00000, 0x000000008ba00000| Untracked 
| 187|0x000000008bb00000, 0x000000008bc00000, 0x000000008bc00000|100%| O|  |TAMS 0x000000008bc00000, 0x000000008bb00000| Untracked 
| 188|0x000000008bc00000, 0x000000008bd00000, 0x000000008bd00000|100%| O|  |TAMS 0x000000008bd00000, 0x000000008bc00000| Untracked 
| 189|0x000000008bd00000, 0x000000008be00000, 0x000000008be00000|100%| O|  |TAMS 0x000000008be00000, 0x000000008bd00000| Untracked 
| 190|0x000000008be00000, 0x000000008bf00000, 0x000000008bf00000|100%| O|  |TAMS 0x000000008bf00000, 0x000000008be00000| Untracked 
| 191|0x000000008bf00000, 0x000000008c000000, 0x000000008c000000|100%| O|  |TAMS 0x000000008c000000, 0x000000008bf00000| Untracked 
| 192|0x000000008c000000, 0x000000008c100000, 0x000000008c100000|100%| O|  |TAMS 0x000000008c100000, 0x000000008c000000| Untracked 
| 193|0x000000008c100000, 0x000000008c200000, 0x000000008c200000|100%| O|  |TAMS 0x000000008c200000, 0x000000008c100000| Untracked 
| 194|0x000000008c200000, 0x000000008c300000, 0x000000008c300000|100%| O|  |TAMS 0x000000008c300000, 0x000000008c200000| Untracked 
| 195|0x000000008c300000, 0x000000008c400000, 0x000000008c400000|100%| O|  |TAMS 0x000000008c400000, 0x000000008c300000| Untracked 
| 196|0x000000008c400000, 0x000000008c500000, 0x000000008c500000|100%| O|  |TAMS 0x000000008c500000, 0x000000008c400000| Untracked 
| 197|0x000000008c500000, 0x000000008c600000, 0x000000008c600000|100%| O|  |TAMS 0x000000008c600000, 0x000000008c500000| Untracked 
| 198|0x000000008c600000, 0x000000008c700000, 0x000000008c700000|100%| O|  |TAMS 0x000000008c700000, 0x000000008c600000| Untracked 
| 199|0x000000008c700000, 0x000000008c800000, 0x000000008c800000|100%| O|  |TAMS 0x000000008c800000, 0x000000008c700000| Untracked 
| 200|0x000000008c800000, 0x000000008c900000, 0x000000008c900000|100%| O|  |TAMS 0x000000008c800000, 0x000000008c800000| Untracked 
| 201|0x000000008c900000, 0x000000008ca00000, 0x000000008ca00000|100%| O|  |TAMS 0x000000008ca00000, 0x000000008c900000| Untracked 
| 202|0x000000008ca00000, 0x000000008cb00000, 0x000000008cb00000|100%| O|  |TAMS 0x000000008cb00000, 0x000000008ca00000| Untracked 
| 203|0x000000008cb00000, 0x000000008cc00000, 0x000000008cc00000|100%| O|  |TAMS 0x000000008cc00000, 0x000000008cb00000| Untracked 
| 204|0x000000008cc00000, 0x000000008cd00000, 0x000000008cd00000|100%| O|  |TAMS 0x000000008cd00000, 0x000000008cc00000| Untracked 
| 205|0x000000008cd00000, 0x000000008ce00000, 0x000000008ce00000|100%| O|  |TAMS 0x000000008ce00000, 0x000000008cd00000| Untracked 
| 206|0x000000008ce00000, 0x000000008cf00000, 0x000000008cf00000|100%| O|  |TAMS 0x000000008cf00000, 0x000000008ce00000| Untracked 
| 207|0x000000008cf00000, 0x000000008d000000, 0x000000008d000000|100%| O|  |TAMS 0x000000008cf00000, 0x000000008cf00000| Untracked 
| 208|0x000000008d000000, 0x000000008d100000, 0x000000008d100000|100%| O|  |TAMS 0x000000008d100000, 0x000000008d000000| Untracked 
| 209|0x000000008d100000, 0x000000008d200000, 0x000000008d200000|100%| O|  |TAMS 0x000000008d200000, 0x000000008d100000| Untracked 
| 210|0x000000008d200000, 0x000000008d300000, 0x000000008d300000|100%| O|  |TAMS 0x000000008d300000, 0x000000008d200000| Untracked 
| 211|0x000000008d300000, 0x000000008d400000, 0x000000008d400000|100%| O|  |TAMS 0x000000008d400000, 0x000000008d300000| Untracked 
| 212|0x000000008d400000, 0x000000008d500000, 0x000000008d500000|100%| O|  |TAMS 0x000000008d400000, 0x000000008d400000| Untracked 
| 213|0x000000008d500000, 0x000000008d600000, 0x000000008d600000|100%| O|  |TAMS 0x000000008d500000, 0x000000008d500000| Untracked 
| 214|0x000000008d600000, 0x000000008d700000, 0x000000008d700000|100%| O|  |TAMS 0x000000008d700000, 0x000000008d600000| Untracked 
| 215|0x000000008d700000, 0x000000008d800000, 0x000000008d800000|100%| O|  |TAMS 0x000000008d800000, 0x000000008d700000| Untracked 
| 216|0x000000008d800000, 0x000000008d900000, 0x000000008d900000|100%| O|  |TAMS 0x000000008d900000, 0x000000008d800000| Untracked 
| 217|0x000000008d900000, 0x000000008da00000, 0x000000008da00000|100%| O|  |TAMS 0x000000008da00000, 0x000000008d900000| Untracked 
| 218|0x000000008da00000, 0x000000008db00000, 0x000000008db00000|100%| O|  |TAMS 0x000000008db00000, 0x000000008da00000| Untracked 
| 219|0x000000008db00000, 0x000000008dc00000, 0x000000008dc00000|100%| O|  |TAMS 0x000000008db00000, 0x000000008db00000| Untracked 
| 220|0x000000008dc00000, 0x000000008dd00000, 0x000000008dd00000|100%|HS|  |TAMS 0x000000008dd00000, 0x000000008dc00000| Complete 
| 221|0x000000008dd00000, 0x000000008de00000, 0x000000008de00000|100%|HC|  |TAMS 0x000000008de00000, 0x000000008dd00000| Complete 
| 222|0x000000008de00000, 0x000000008df00000, 0x000000008df00000|100%| O|  |TAMS 0x000000008df00000, 0x000000008de00000| Untracked 
| 223|0x000000008df00000, 0x000000008e000000, 0x000000008e000000|100%| O|  |TAMS 0x000000008e000000, 0x000000008df00000| Untracked 
| 224|0x000000008e000000, 0x000000008e100000, 0x000000008e100000|100%| O|  |TAMS 0x000000008e100000, 0x000000008e000000| Untracked 
| 225|0x000000008e100000, 0x000000008e200000, 0x000000008e200000|100%| O|  |TAMS 0x000000008e200000, 0x000000008e100000| Untracked 
| 226|0x000000008e200000, 0x000000008e300000, 0x000000008e300000|100%| O|  |TAMS 0x000000008e200000, 0x000000008e200000| Untracked 
| 227|0x000000008e300000, 0x000000008e400000, 0x000000008e400000|100%| O|  |TAMS 0x000000008e400000, 0x000000008e300000| Untracked 
| 228|0x000000008e400000, 0x000000008e500000, 0x000000008e500000|100%| O|  |TAMS 0x000000008e500000, 0x000000008e400000| Untracked 
| 229|0x000000008e500000, 0x000000008e600000, 0x000000008e600000|100%| O|  |TAMS 0x000000008e600000, 0x000000008e500000| Untracked 
| 230|0x000000008e600000, 0x000000008e700000, 0x000000008e700000|100%| O|  |TAMS 0x000000008e700000, 0x000000008e600000| Untracked 
| 231|0x000000008e700000, 0x000000008e800000, 0x000000008e800000|100%| O|  |TAMS 0x000000008e800000, 0x000000008e700000| Untracked 
| 232|0x000000008e800000, 0x000000008e900000, 0x000000008e900000|100%| O|  |TAMS 0x000000008e900000, 0x000000008e800000| Untracked 
| 233|0x000000008e900000, 0x000000008ea00000, 0x000000008ea00000|100%| O|  |TAMS 0x000000008ea00000, 0x000000008e900000| Untracked 
| 234|0x000000008ea00000, 0x000000008eb00000, 0x000000008eb00000|100%| O|  |TAMS 0x000000008eb00000, 0x000000008ea00000| Untracked 
| 235|0x000000008eb00000, 0x000000008ec00000, 0x000000008ec00000|100%| O|  |TAMS 0x000000008eb00000, 0x000000008eb00000| Untracked 
| 236|0x000000008ec00000, 0x000000008ed00000, 0x000000008ed00000|100%|HS|  |TAMS 0x000000008ed00000, 0x000000008ec00000| Complete 
| 237|0x000000008ed00000, 0x000000008ee00000, 0x000000008ee00000|100%|HS|  |TAMS 0x000000008ee00000, 0x000000008ed00000| Complete 
| 238|0x000000008ee00000, 0x000000008ef00000, 0x000000008ef00000|100%| O|  |TAMS 0x000000008ef00000, 0x000000008ee00000| Untracked 
| 239|0x000000008ef00000, 0x000000008f000000, 0x000000008f000000|100%| O|  |TAMS 0x000000008f000000, 0x000000008ef00000| Untracked 
| 240|0x000000008f000000, 0x000000008f100000, 0x000000008f100000|100%| O|  |TAMS 0x000000008f100000, 0x000000008f000000| Untracked 
| 241|0x000000008f100000, 0x000000008f200000, 0x000000008f200000|100%| O|  |TAMS 0x000000008f200000, 0x000000008f100000| Untracked 
| 242|0x000000008f200000, 0x000000008f300000, 0x000000008f300000|100%| O|  |TAMS 0x000000008f300000, 0x000000008f200000| Untracked 
| 243|0x000000008f300000, 0x000000008f400000, 0x000000008f400000|100%| O|  |TAMS 0x000000008f400000, 0x000000008f300000| Untracked 
| 244|0x000000008f400000, 0x000000008f500000, 0x000000008f500000|100%| O|  |TAMS 0x000000008f500000, 0x000000008f400000| Untracked 
| 245|0x000000008f500000, 0x000000008f600000, 0x000000008f600000|100%| O|  |TAMS 0x000000008f500000, 0x000000008f500000| Untracked 
| 246|0x000000008f600000, 0x000000008f700000, 0x000000008f700000|100%| O|  |TAMS 0x000000008f600000, 0x000000008f600000| Untracked 
| 247|0x000000008f700000, 0x000000008f800000, 0x000000008f800000|100%| O|  |TAMS 0x000000008f800000, 0x000000008f700000| Untracked 
| 248|0x000000008f800000, 0x000000008f900000, 0x000000008f900000|100%| O|  |TAMS 0x000000008f900000, 0x000000008f800000| Untracked 
| 249|0x000000008f900000, 0x000000008fa00000, 0x000000008fa00000|100%| O|  |TAMS 0x000000008fa00000, 0x000000008f900000| Untracked 
| 250|0x000000008fa00000, 0x000000008fb00000, 0x000000008fb00000|100%| O|  |TAMS 0x000000008fb00000, 0x000000008fa00000| Untracked 
| 251|0x000000008fb00000, 0x000000008fc00000, 0x000000008fc00000|100%| O|  |TAMS 0x000000008fc00000, 0x000000008fb00000| Untracked 
| 252|0x000000008fc00000, 0x000000008fd00000, 0x000000008fd00000|100%| O|  |TAMS 0x000000008fd00000, 0x000000008fc00000| Untracked 
| 253|0x000000008fd00000, 0x000000008fe00000, 0x000000008fe00000|100%| O|  |TAMS 0x000000008fe00000, 0x000000008fd00000| Untracked 
| 254|0x000000008fe00000, 0x000000008ff00000, 0x000000008ff00000|100%| O|  |TAMS 0x000000008ff00000, 0x000000008fe00000| Untracked 
| 255|0x000000008ff00000, 0x0000000090000000, 0x0000000090000000|100%| O|  |TAMS 0x0000000090000000, 0x000000008ff00000| Untracked 
| 256|0x0000000090000000, 0x0000000090100000, 0x0000000090100000|100%| O|  |TAMS 0x0000000090100000, 0x0000000090000000| Untracked 
| 257|0x0000000090100000, 0x0000000090200000, 0x0000000090200000|100%| O|  |TAMS 0x0000000090200000, 0x0000000090100000| Untracked 
| 258|0x0000000090200000, 0x0000000090300000, 0x0000000090300000|100%| O|  |TAMS 0x0000000090300000, 0x0000000090200000| Untracked 
| 259|0x0000000090300000, 0x0000000090400000, 0x0000000090400000|100%| O|  |TAMS 0x0000000090400000, 0x0000000090300000| Untracked 
| 260|0x0000000090400000, 0x0000000090500000, 0x0000000090500000|100%| O|  |TAMS 0x0000000090500000, 0x0000000090400000| Untracked 
| 261|0x0000000090500000, 0x0000000090600000, 0x0000000090600000|100%| O|  |TAMS 0x0000000090600000, 0x0000000090500000| Untracked 
| 262|0x0000000090600000, 0x0000000090700000, 0x0000000090700000|100%| O|  |TAMS 0x0000000090700000, 0x0000000090600000| Untracked 
| 263|0x0000000090700000, 0x0000000090800000, 0x0000000090800000|100%| O|  |TAMS 0x0000000090800000, 0x0000000090700000| Untracked 
| 264|0x0000000090800000, 0x0000000090900000, 0x0000000090900000|100%| O|  |TAMS 0x0000000090800000, 0x0000000090800000| Untracked 
| 265|0x0000000090900000, 0x0000000090a00000, 0x0000000090a00000|100%| O|  |TAMS 0x0000000090a00000, 0x0000000090900000| Untracked 
| 266|0x0000000090a00000, 0x0000000090b00000, 0x0000000090b00000|100%| O|  |TAMS 0x0000000090b00000, 0x0000000090a00000| Untracked 
| 267|0x0000000090b00000, 0x0000000090c00000, 0x0000000090c00000|100%| O|  |TAMS 0x0000000090c00000, 0x0000000090b00000| Untracked 
| 268|0x0000000090c00000, 0x0000000090d00000, 0x0000000090d00000|100%| O|  |TAMS 0x0000000090c00000, 0x0000000090c00000| Untracked 
| 269|0x0000000090d00000, 0x0000000090e00000, 0x0000000090e00000|100%| O|  |TAMS 0x0000000090e00000, 0x0000000090d00000| Untracked 
| 270|0x0000000090e00000, 0x0000000090f00000, 0x0000000090f00000|100%| O|  |TAMS 0x0000000090f00000, 0x0000000090e00000| Untracked 
| 271|0x0000000090f00000, 0x0000000091000000, 0x0000000091000000|100%| O|  |TAMS 0x0000000091000000, 0x0000000090f00000| Untracked 
| 272|0x0000000091000000, 0x0000000091100000, 0x0000000091100000|100%| O|  |TAMS 0x0000000091100000, 0x0000000091000000| Untracked 
| 273|0x0000000091100000, 0x0000000091200000, 0x0000000091200000|100%| O|  |TAMS 0x0000000091100000, 0x0000000091100000| Untracked 
| 274|0x0000000091200000, 0x0000000091300000, 0x0000000091300000|100%| O|  |TAMS 0x0000000091300000, 0x0000000091200000| Untracked 
| 275|0x0000000091300000, 0x0000000091400000, 0x0000000091400000|100%| O|  |TAMS 0x0000000091400000, 0x0000000091300000| Untracked 
| 276|0x0000000091400000, 0x0000000091500000, 0x0000000091500000|100%| O|  |TAMS 0x0000000091500000, 0x0000000091400000| Untracked 
| 277|0x0000000091500000, 0x0000000091600000, 0x0000000091600000|100%| O|  |TAMS 0x0000000091600000, 0x0000000091500000| Untracked 
| 278|0x0000000091600000, 0x0000000091700000, 0x0000000091700000|100%| O|  |TAMS 0x0000000091700000, 0x0000000091600000| Untracked 
| 279|0x0000000091700000, 0x0000000091800000, 0x0000000091800000|100%| O|  |TAMS 0x0000000091800000, 0x0000000091700000| Untracked 
| 280|0x0000000091800000, 0x0000000091900000, 0x0000000091900000|100%| O|  |TAMS 0x0000000091900000, 0x0000000091800000| Untracked 
| 281|0x0000000091900000, 0x0000000091a00000, 0x0000000091a00000|100%| O|  |TAMS 0x0000000091a00000, 0x0000000091900000| Untracked 
| 282|0x0000000091a00000, 0x0000000091b00000, 0x0000000091b00000|100%| O|  |TAMS 0x0000000091b00000, 0x0000000091a00000| Untracked 
| 283|0x0000000091b00000, 0x0000000091c00000, 0x0000000091c00000|100%| O|  |TAMS 0x0000000091c00000, 0x0000000091b00000| Untracked 
| 284|0x0000000091c00000, 0x0000000091d00000, 0x0000000091d00000|100%| O|  |TAMS 0x0000000091d00000, 0x0000000091c00000| Untracked 
| 285|0x0000000091d00000, 0x0000000091e00000, 0x0000000091e00000|100%| O|  |TAMS 0x0000000091e00000, 0x0000000091d00000| Untracked 
| 286|0x0000000091e00000, 0x0000000091f00000, 0x0000000091f00000|100%| O|  |TAMS 0x0000000091f00000, 0x0000000091e00000| Untracked 
| 287|0x0000000091f00000, 0x0000000092000000, 0x0000000092000000|100%| O|  |TAMS 0x0000000092000000, 0x0000000091f00000| Untracked 
| 288|0x0000000092000000, 0x0000000092100000, 0x0000000092100000|100%| O|  |TAMS 0x0000000092000000, 0x0000000092000000| Untracked 
| 289|0x0000000092100000, 0x0000000092200000, 0x0000000092200000|100%| O|  |TAMS 0x0000000092100000, 0x0000000092100000| Untracked 
| 290|0x0000000092200000, 0x0000000092300000, 0x0000000092300000|100%|HS|  |TAMS 0x0000000092300000, 0x0000000092200000| Complete 
| 291|0x0000000092300000, 0x0000000092400000, 0x0000000092400000|100%|HC|  |TAMS 0x0000000092400000, 0x0000000092300000| Complete 
| 292|0x0000000092400000, 0x0000000092500000, 0x0000000092500000|100%| O|  |TAMS 0x0000000092500000, 0x0000000092400000| Untracked 
| 293|0x0000000092500000, 0x0000000092600000, 0x0000000092600000|100%| O|  |TAMS 0x0000000092600000, 0x0000000092500000| Untracked 
| 294|0x0000000092600000, 0x0000000092700000, 0x0000000092700000|100%| O|  |TAMS 0x0000000092700000, 0x0000000092600000| Untracked 
| 295|0x0000000092700000, 0x0000000092800000, 0x0000000092800000|100%| O|  |TAMS 0x0000000092800000, 0x0000000092700000| Untracked 
| 296|0x0000000092800000, 0x0000000092900000, 0x0000000092900000|100%| O|  |TAMS 0x0000000092900000, 0x0000000092800000| Untracked 
| 297|0x0000000092900000, 0x0000000092a00000, 0x0000000092a00000|100%| O|  |TAMS 0x0000000092a00000, 0x0000000092900000| Untracked 
| 298|0x0000000092a00000, 0x0000000092b00000, 0x0000000092b00000|100%| O|  |TAMS 0x0000000092a9d800, 0x0000000092a00000| Untracked 
| 299|0x0000000092b00000, 0x0000000092c00000, 0x0000000092c00000|100%| O|  |TAMS 0x0000000092b00000, 0x0000000092b00000| Untracked 
| 300|0x0000000092c00000, 0x0000000092d00000, 0x0000000092d00000|100%| O|  |TAMS 0x0000000092c00000, 0x0000000092c00000| Untracked 
| 301|0x0000000092d00000, 0x0000000092e00000, 0x0000000092e00000|100%| O|  |TAMS 0x0000000092d00000, 0x0000000092d00000| Untracked 
| 302|0x0000000092e00000, 0x0000000092f00000, 0x0000000092f00000|100%| O|  |TAMS 0x0000000092e00000, 0x0000000092e00000| Untracked 
| 303|0x0000000092f00000, 0x0000000093000000, 0x0000000093000000|100%| O|  |TAMS 0x0000000092f00000, 0x0000000092f00000| Untracked 
| 304|0x0000000093000000, 0x0000000093100000, 0x0000000093100000|100%| O|  |TAMS 0x0000000093000000, 0x0000000093000000| Untracked 
| 305|0x0000000093100000, 0x0000000093200000, 0x0000000093200000|100%| O|  |TAMS 0x0000000093100000, 0x0000000093100000| Untracked 
| 306|0x0000000093200000, 0x0000000093300000, 0x0000000093300000|100%| O|  |TAMS 0x0000000093200000, 0x0000000093200000| Untracked 
| 307|0x0000000093300000, 0x0000000093400000, 0x0000000093400000|100%| O|  |TAMS 0x0000000093300000, 0x0000000093300000| Untracked 
| 308|0x0000000093400000, 0x0000000093500000, 0x0000000093500000|100%| O|  |TAMS 0x0000000093400000, 0x0000000093400000| Untracked 
| 309|0x0000000093500000, 0x0000000093600000, 0x0000000093600000|100%| O|  |TAMS 0x0000000093500000, 0x0000000093500000| Untracked 
| 310|0x0000000093600000, 0x0000000093700000, 0x0000000093700000|100%| O|  |TAMS 0x0000000093600000, 0x0000000093600000| Untracked 
| 311|0x0000000093700000, 0x0000000093800000, 0x0000000093800000|100%| O|  |TAMS 0x0000000093700000, 0x0000000093700000| Untracked 
| 312|0x0000000093800000, 0x0000000093900000, 0x0000000093900000|100%| O|  |TAMS 0x0000000093800000, 0x0000000093800000| Untracked 
| 313|0x0000000093900000, 0x0000000093a00000, 0x0000000093a00000|100%| O|  |TAMS 0x0000000093900000, 0x0000000093900000| Untracked 
| 314|0x0000000093a00000, 0x0000000093b00000, 0x0000000093b00000|100%| O|  |TAMS 0x0000000093a00000, 0x0000000093a00000| Untracked 
| 315|0x0000000093b00000, 0x0000000093c00000, 0x0000000093c00000|100%| O|  |TAMS 0x0000000093b00000, 0x0000000093b00000| Untracked 
| 316|0x0000000093c00000, 0x0000000093d00000, 0x0000000093d00000|100%| O|  |TAMS 0x0000000093c00000, 0x0000000093c00000| Untracked 
| 317|0x0000000093d00000, 0x0000000093e00000, 0x0000000093e00000|100%| O|  |TAMS 0x0000000093d00000, 0x0000000093d00000| Untracked 
| 318|0x0000000093e00000, 0x0000000093f00000, 0x0000000093f00000|100%| O|  |TAMS 0x0000000093e00000, 0x0000000093e00000| Untracked 
| 319|0x0000000093f00000, 0x0000000094000000, 0x0000000094000000|100%|HS|  |TAMS 0x0000000093f00000, 0x0000000093f00000| Complete 
| 320|0x0000000094000000, 0x0000000094100000, 0x0000000094100000|100%|HC|  |TAMS 0x0000000094000000, 0x0000000094000000| Complete 
| 321|0x0000000094100000, 0x0000000094200000, 0x0000000094200000|100%|HS|  |TAMS 0x0000000094100000, 0x0000000094100000| Complete 
| 322|0x0000000094200000, 0x0000000094300000, 0x0000000094300000|100%|HC|  |TAMS 0x0000000094200000, 0x0000000094200000| Complete 
| 323|0x0000000094300000, 0x0000000094400000, 0x0000000094400000|100%|HS|  |TAMS 0x0000000094300000, 0x0000000094300000| Complete 
| 324|0x0000000094400000, 0x0000000094500000, 0x0000000094500000|100%|HC|  |TAMS 0x0000000094400000, 0x0000000094400000| Complete 
| 325|0x0000000094500000, 0x0000000094600000, 0x0000000094600000|100%| O|  |TAMS 0x0000000094500000, 0x0000000094500000| Untracked 
| 326|0x0000000094600000, 0x0000000094700000, 0x0000000094700000|100%| O|  |TAMS 0x0000000094600000, 0x0000000094600000| Untracked 
| 327|0x0000000094700000, 0x0000000094800000, 0x0000000094800000|100%| O|  |TAMS 0x0000000094700000, 0x0000000094700000| Untracked 
| 328|0x0000000094800000, 0x0000000094900000, 0x0000000094900000|100%| O|  |TAMS 0x0000000094800000, 0x0000000094800000| Untracked 
| 329|0x0000000094900000, 0x0000000094a00000, 0x0000000094a00000|100%| O|  |TAMS 0x0000000094900000, 0x0000000094900000| Untracked 
| 330|0x0000000094a00000, 0x0000000094b00000, 0x0000000094b00000|100%| O|  |TAMS 0x0000000094a00000, 0x0000000094a00000| Untracked 
| 331|0x0000000094b00000, 0x0000000094c00000, 0x0000000094c00000|100%| O|  |TAMS 0x0000000094b00000, 0x0000000094b00000| Untracked 
| 332|0x0000000094c00000, 0x0000000094d00000, 0x0000000094d00000|100%| O|  |TAMS 0x0000000094c00000, 0x0000000094c00000| Untracked 
| 333|0x0000000094d00000, 0x0000000094e00000, 0x0000000094e00000|100%| O|  |TAMS 0x0000000094d00000, 0x0000000094d00000| Untracked 
| 334|0x0000000094e00000, 0x0000000094f00000, 0x0000000094f00000|100%| O|  |TAMS 0x0000000094e00000, 0x0000000094e00000| Untracked 
| 335|0x0000000094f00000, 0x0000000095000000, 0x0000000095000000|100%| O|  |TAMS 0x0000000094f00000, 0x0000000094f00000| Untracked 
| 336|0x0000000095000000, 0x0000000095100000, 0x0000000095100000|100%| O|  |TAMS 0x0000000095000000, 0x0000000095000000| Untracked 
| 337|0x0000000095100000, 0x0000000095200000, 0x0000000095200000|100%| O|  |TAMS 0x0000000095100000, 0x0000000095100000| Untracked 
| 338|0x0000000095200000, 0x0000000095300000, 0x0000000095300000|100%| O|  |TAMS 0x0000000095200000, 0x0000000095200000| Untracked 
| 339|0x0000000095300000, 0x0000000095400000, 0x0000000095400000|100%| O|  |TAMS 0x0000000095300000, 0x0000000095300000| Untracked 
| 340|0x0000000095400000, 0x0000000095500000, 0x0000000095500000|100%|HS|  |TAMS 0x0000000095400000, 0x0000000095400000| Complete 
| 341|0x0000000095500000, 0x0000000095600000, 0x0000000095600000|100%|HC|  |TAMS 0x0000000095500000, 0x0000000095500000| Complete 
| 342|0x0000000095600000, 0x0000000095700000, 0x0000000095700000|100%| O|  |TAMS 0x0000000095600000, 0x0000000095600000| Untracked 
| 343|0x0000000095700000, 0x0000000095800000, 0x0000000095800000|100%| O|  |TAMS 0x0000000095700000, 0x0000000095700000| Untracked 
| 344|0x0000000095800000, 0x0000000095900000, 0x0000000095900000|100%| O|  |TAMS 0x0000000095800000, 0x0000000095800000| Untracked 
| 345|0x0000000095900000, 0x0000000095a00000, 0x0000000095a00000|100%| O|  |TAMS 0x0000000095900000, 0x0000000095900000| Untracked 
| 346|0x0000000095a00000, 0x0000000095b00000, 0x0000000095b00000|100%| O|  |TAMS 0x0000000095a00000, 0x0000000095a00000| Untracked 
| 347|0x0000000095b00000, 0x0000000095c00000, 0x0000000095c00000|100%| O|  |TAMS 0x0000000095b00000, 0x0000000095b00000| Untracked 
| 348|0x0000000095c00000, 0x0000000095d00000, 0x0000000095d00000|100%| O|  |TAMS 0x0000000095c00000, 0x0000000095c00000| Untracked 
| 349|0x0000000095d00000, 0x0000000095e00000, 0x0000000095e00000|100%| O|  |TAMS 0x0000000095d00000, 0x0000000095d00000| Untracked 
| 350|0x0000000095e00000, 0x0000000095f00000, 0x0000000095f00000|100%| O|  |TAMS 0x0000000095e00000, 0x0000000095e00000| Untracked 
| 351|0x0000000095f00000, 0x0000000096000000, 0x0000000096000000|100%| O|  |TAMS 0x0000000095f00000, 0x0000000095f00000| Untracked 
| 352|0x0000000096000000, 0x0000000096100000, 0x0000000096100000|100%| O|  |TAMS 0x0000000096000000, 0x0000000096000000| Untracked 
| 353|0x0000000096100000, 0x0000000096200000, 0x0000000096200000|100%| O|  |TAMS 0x0000000096100000, 0x0000000096100000| Untracked 
| 354|0x0000000096200000, 0x0000000096300000, 0x0000000096300000|100%| O|  |TAMS 0x0000000096200000, 0x0000000096200000| Untracked 
| 355|0x0000000096300000, 0x0000000096400000, 0x0000000096400000|100%| O|  |TAMS 0x0000000096300000, 0x0000000096300000| Untracked 
| 356|0x0000000096400000, 0x0000000096500000, 0x0000000096500000|100%| O|  |TAMS 0x0000000096400000, 0x0000000096400000| Untracked 
| 357|0x0000000096500000, 0x0000000096600000, 0x0000000096600000|100%| O|  |TAMS 0x0000000096500000, 0x0000000096500000| Untracked 
| 358|0x0000000096600000, 0x0000000096700000, 0x0000000096700000|100%| O|  |TAMS 0x0000000096600000, 0x0000000096600000| Untracked 
| 359|0x0000000096700000, 0x0000000096800000, 0x0000000096800000|100%| O|  |TAMS 0x0000000096700000, 0x0000000096700000| Untracked 
| 360|0x0000000096800000, 0x0000000096900000, 0x0000000096900000|100%| O|  |TAMS 0x0000000096800000, 0x0000000096800000| Untracked 
| 361|0x0000000096900000, 0x0000000096a00000, 0x0000000096a00000|100%| O|  |TAMS 0x0000000096900000, 0x0000000096900000| Untracked 
| 362|0x0000000096a00000, 0x0000000096b00000, 0x0000000096b00000|100%| O|  |TAMS 0x0000000096a00000, 0x0000000096a00000| Untracked 
| 363|0x0000000096b00000, 0x0000000096c00000, 0x0000000096c00000|100%| O|  |TAMS 0x0000000096b00000, 0x0000000096b00000| Untracked 
| 364|0x0000000096c00000, 0x0000000096d00000, 0x0000000096d00000|100%| O|  |TAMS 0x0000000096c00000, 0x0000000096c00000| Untracked 
| 365|0x0000000096d00000, 0x0000000096e00000, 0x0000000096e00000|100%| O|  |TAMS 0x0000000096d00000, 0x0000000096d00000| Untracked 
| 366|0x0000000096e00000, 0x0000000096f00000, 0x0000000096f00000|100%| O|  |TAMS 0x0000000096e00000, 0x0000000096e00000| Untracked 
| 367|0x0000000096f00000, 0x0000000097000000, 0x0000000097000000|100%| O|  |TAMS 0x0000000096f00000, 0x0000000096f00000| Untracked 
| 368|0x0000000097000000, 0x0000000097100000, 0x0000000097100000|100%| O|  |TAMS 0x0000000097000000, 0x0000000097000000| Untracked 
| 369|0x0000000097100000, 0x0000000097200000, 0x0000000097200000|100%| O|  |TAMS 0x0000000097100000, 0x0000000097100000| Untracked 
| 370|0x0000000097200000, 0x0000000097300000, 0x0000000097300000|100%| O|  |TAMS 0x0000000097200000, 0x0000000097200000| Untracked 
| 371|0x0000000097300000, 0x0000000097400000, 0x0000000097400000|100%| O|  |TAMS 0x0000000097300000, 0x0000000097300000| Untracked 
| 372|0x0000000097400000, 0x0000000097500000, 0x0000000097500000|100%| O|  |TAMS 0x0000000097400000, 0x0000000097400000| Untracked 
| 373|0x0000000097500000, 0x0000000097600000, 0x0000000097600000|100%| O|  |TAMS 0x0000000097500000, 0x0000000097500000| Untracked 
| 374|0x0000000097600000, 0x0000000097700000, 0x0000000097700000|100%| O|  |TAMS 0x0000000097600000, 0x0000000097600000| Untracked 
| 375|0x0000000097700000, 0x0000000097800000, 0x0000000097800000|100%| O|  |TAMS 0x0000000097700000, 0x0000000097700000| Untracked 
| 376|0x0000000097800000, 0x0000000097900000, 0x0000000097900000|100%| O|  |TAMS 0x0000000097800000, 0x0000000097800000| Untracked 
| 377|0x0000000097900000, 0x0000000097a00000, 0x0000000097a00000|100%| O|  |TAMS 0x0000000097900000, 0x0000000097900000| Untracked 
| 378|0x0000000097a00000, 0x0000000097b00000, 0x0000000097b00000|100%| O|  |TAMS 0x0000000097a00000, 0x0000000097a00000| Untracked 
| 379|0x0000000097b00000, 0x0000000097c00000, 0x0000000097c00000|100%| O|  |TAMS 0x0000000097b00000, 0x0000000097b00000| Untracked 
| 380|0x0000000097c00000, 0x0000000097d00000, 0x0000000097d00000|100%| O|  |TAMS 0x0000000097c00000, 0x0000000097c00000| Untracked 
| 381|0x0000000097d00000, 0x0000000097e00000, 0x0000000097e00000|100%| O|  |TAMS 0x0000000097d00000, 0x0000000097d00000| Untracked 
| 382|0x0000000097e00000, 0x0000000097f00000, 0x0000000097f00000|100%| O|  |TAMS 0x0000000097e00000, 0x0000000097e00000| Untracked 
| 383|0x0000000097f00000, 0x0000000098000000, 0x0000000098000000|100%| O|  |TAMS 0x0000000097f00000, 0x0000000097f00000| Untracked 
| 384|0x0000000098000000, 0x0000000098100000, 0x0000000098100000|100%| O|  |TAMS 0x0000000098000000, 0x0000000098000000| Untracked 
| 385|0x0000000098100000, 0x0000000098200000, 0x0000000098200000|100%| O|  |TAMS 0x0000000098100000, 0x0000000098100000| Untracked 
| 386|0x0000000098200000, 0x0000000098251800, 0x0000000098300000| 31%| O|  |TAMS 0x0000000098200000, 0x0000000098200000| Untracked 
| 387|0x0000000098300000, 0x0000000098300000, 0x0000000098400000|  0%| F|  |TAMS 0x0000000098300000, 0x0000000098300000| Untracked 
| 388|0x0000000098400000, 0x0000000098400000, 0x0000000098500000|  0%| F|  |TAMS 0x0000000098400000, 0x0000000098400000| Untracked 
| 389|0x0000000098500000, 0x0000000098500000, 0x0000000098600000|  0%| F|  |TAMS 0x0000000098500000, 0x0000000098500000| Untracked 
| 390|0x0000000098600000, 0x0000000098600000, 0x0000000098700000|  0%| F|  |TAMS 0x0000000098600000, 0x0000000098600000| Untracked 
| 391|0x0000000098700000, 0x0000000098700000, 0x0000000098800000|  0%| F|  |TAMS 0x0000000098700000, 0x0000000098700000| Untracked 
| 392|0x0000000098800000, 0x0000000098800000, 0x0000000098900000|  0%| F|  |TAMS 0x0000000098800000, 0x0000000098800000| Untracked 
| 393|0x0000000098900000, 0x0000000098900000, 0x0000000098a00000|  0%| F|  |TAMS 0x0000000098900000, 0x0000000098900000| Untracked 
| 394|0x0000000098a00000, 0x0000000098a00000, 0x0000000098b00000|  0%| F|  |TAMS 0x0000000098a00000, 0x0000000098a00000| Untracked 
| 395|0x0000000098b00000, 0x0000000098b00000, 0x0000000098c00000|  0%| F|  |TAMS 0x0000000098b00000, 0x0000000098b00000| Untracked 
| 396|0x0000000098c00000, 0x0000000098c00000, 0x0000000098d00000|  0%| F|  |TAMS 0x0000000098c00000, 0x0000000098c00000| Untracked 
| 397|0x0000000098d00000, 0x0000000098d00000, 0x0000000098e00000|  0%| F|  |TAMS 0x0000000098d00000, 0x0000000098d00000| Untracked 
| 398|0x0000000098e00000, 0x0000000098e00000, 0x0000000098f00000|  0%| F|  |TAMS 0x0000000098e00000, 0x0000000098e00000| Untracked 
| 399|0x0000000098f00000, 0x0000000098f00000, 0x0000000099000000|  0%| F|  |TAMS 0x0000000098f00000, 0x0000000098f00000| Untracked 
| 400|0x0000000099000000, 0x0000000099000000, 0x0000000099100000|  0%| F|  |TAMS 0x0000000099000000, 0x0000000099000000| Untracked 
| 401|0x0000000099100000, 0x0000000099100000, 0x0000000099200000|  0%| F|  |TAMS 0x0000000099100000, 0x0000000099100000| Untracked 
| 402|0x0000000099200000, 0x0000000099200000, 0x0000000099300000|  0%| F|  |TAMS 0x0000000099200000, 0x0000000099200000| Untracked 
| 403|0x0000000099300000, 0x0000000099300000, 0x0000000099400000|  0%| F|  |TAMS 0x0000000099300000, 0x0000000099300000| Untracked 
| 404|0x0000000099400000, 0x0000000099400000, 0x0000000099500000|  0%| F|  |TAMS 0x0000000099400000, 0x0000000099400000| Untracked 
| 405|0x0000000099500000, 0x0000000099500000, 0x0000000099600000|  0%| F|  |TAMS 0x0000000099500000, 0x0000000099500000| Untracked 
| 406|0x0000000099600000, 0x0000000099600000, 0x0000000099700000|  0%| F|  |TAMS 0x0000000099600000, 0x0000000099600000| Untracked 
| 407|0x0000000099700000, 0x0000000099700000, 0x0000000099800000|  0%| F|  |TAMS 0x0000000099700000, 0x0000000099700000| Untracked 
| 408|0x0000000099800000, 0x0000000099800000, 0x0000000099900000|  0%| F|  |TAMS 0x0000000099800000, 0x0000000099800000| Untracked 
| 409|0x0000000099900000, 0x0000000099900000, 0x0000000099a00000|  0%| F|  |TAMS 0x0000000099900000, 0x0000000099900000| Untracked 
| 410|0x0000000099a00000, 0x0000000099a00000, 0x0000000099b00000|  0%| F|  |TAMS 0x0000000099a00000, 0x0000000099a00000| Untracked 
| 411|0x0000000099b00000, 0x0000000099b00000, 0x0000000099c00000|  0%| F|  |TAMS 0x0000000099b00000, 0x0000000099b00000| Untracked 
| 412|0x0000000099c00000, 0x0000000099c00000, 0x0000000099d00000|  0%| F|  |TAMS 0x0000000099c00000, 0x0000000099c00000| Untracked 
| 413|0x0000000099d00000, 0x0000000099d00000, 0x0000000099e00000|  0%| F|  |TAMS 0x0000000099d00000, 0x0000000099d00000| Untracked 
| 414|0x0000000099e00000, 0x0000000099e00000, 0x0000000099f00000|  0%| F|  |TAMS 0x0000000099e00000, 0x0000000099e00000| Untracked 
| 415|0x0000000099f00000, 0x0000000099f00000, 0x000000009a000000|  0%| F|  |TAMS 0x0000000099f00000, 0x0000000099f00000| Untracked 
| 416|0x000000009a000000, 0x000000009a000000, 0x000000009a100000|  0%| F|  |TAMS 0x000000009a000000, 0x000000009a000000| Untracked 
| 417|0x000000009a100000, 0x000000009a100000, 0x000000009a200000|  0%| F|  |TAMS 0x000000009a100000, 0x000000009a100000| Untracked 
| 418|0x000000009a200000, 0x000000009a200000, 0x000000009a300000|  0%| F|  |TAMS 0x000000009a200000, 0x000000009a200000| Untracked 
| 419|0x000000009a300000, 0x000000009a300000, 0x000000009a400000|  0%| F|  |TAMS 0x000000009a300000, 0x000000009a300000| Untracked 
| 420|0x000000009a400000, 0x000000009a400000, 0x000000009a500000|  0%| F|  |TAMS 0x000000009a400000, 0x000000009a400000| Untracked 
| 421|0x000000009a500000, 0x000000009a500000, 0x000000009a600000|  0%| F|  |TAMS 0x000000009a500000, 0x000000009a500000| Untracked 
| 422|0x000000009a600000, 0x000000009a600000, 0x000000009a700000|  0%| F|  |TAMS 0x000000009a600000, 0x000000009a600000| Untracked 
| 423|0x000000009a700000, 0x000000009a700000, 0x000000009a800000|  0%| F|  |TAMS 0x000000009a700000, 0x000000009a700000| Untracked 
| 424|0x000000009a800000, 0x000000009a800000, 0x000000009a900000|  0%| F|  |TAMS 0x000000009a800000, 0x000000009a800000| Untracked 
| 425|0x000000009a900000, 0x000000009a900000, 0x000000009aa00000|  0%| F|  |TAMS 0x000000009a900000, 0x000000009a900000| Untracked 
| 426|0x000000009aa00000, 0x000000009aa00000, 0x000000009ab00000|  0%| F|  |TAMS 0x000000009aa00000, 0x000000009aa00000| Untracked 
| 427|0x000000009ab00000, 0x000000009ab00000, 0x000000009ac00000|  0%| F|  |TAMS 0x000000009ab00000, 0x000000009ab00000| Untracked 
| 428|0x000000009ac00000, 0x000000009ac00000, 0x000000009ad00000|  0%| F|  |TAMS 0x000000009ac00000, 0x000000009ac00000| Untracked 
| 429|0x000000009ad00000, 0x000000009ad00000, 0x000000009ae00000|  0%| F|  |TAMS 0x000000009ad00000, 0x000000009ad00000| Untracked 
| 430|0x000000009ae00000, 0x000000009ae00000, 0x000000009af00000|  0%| F|  |TAMS 0x000000009ae00000, 0x000000009ae00000| Untracked 
| 431|0x000000009af00000, 0x000000009af00000, 0x000000009b000000|  0%| F|  |TAMS 0x000000009af00000, 0x000000009af00000| Untracked 
| 432|0x000000009b000000, 0x000000009b000000, 0x000000009b100000|  0%| F|  |TAMS 0x000000009b000000, 0x000000009b000000| Untracked 
| 433|0x000000009b100000, 0x000000009b100000, 0x000000009b200000|  0%| F|  |TAMS 0x000000009b100000, 0x000000009b100000| Untracked 
| 434|0x000000009b200000, 0x000000009b200000, 0x000000009b300000|  0%| F|  |TAMS 0x000000009b200000, 0x000000009b200000| Untracked 
| 435|0x000000009b300000, 0x000000009b300000, 0x000000009b400000|  0%| F|  |TAMS 0x000000009b300000, 0x000000009b300000| Untracked 
| 436|0x000000009b400000, 0x000000009b400000, 0x000000009b500000|  0%| F|  |TAMS 0x000000009b400000, 0x000000009b400000| Untracked 
| 437|0x000000009b500000, 0x000000009b500000, 0x000000009b600000|  0%| F|  |TAMS 0x000000009b500000, 0x000000009b500000| Untracked 
| 438|0x000000009b600000, 0x000000009b600000, 0x000000009b700000|  0%| F|  |TAMS 0x000000009b600000, 0x000000009b600000| Untracked 
| 439|0x000000009b700000, 0x000000009b700000, 0x000000009b800000|  0%| F|  |TAMS 0x000000009b700000, 0x000000009b700000| Untracked 
| 440|0x000000009b800000, 0x000000009b800000, 0x000000009b900000|  0%| F|  |TAMS 0x000000009b800000, 0x000000009b800000| Untracked 
| 441|0x000000009b900000, 0x000000009b900000, 0x000000009ba00000|  0%| F|  |TAMS 0x000000009b900000, 0x000000009b900000| Untracked 
| 442|0x000000009ba00000, 0x000000009ba00000, 0x000000009bb00000|  0%| F|  |TAMS 0x000000009ba00000, 0x000000009ba00000| Untracked 
| 443|0x000000009bb00000, 0x000000009bb00000, 0x000000009bc00000|  0%| F|  |TAMS 0x000000009bb00000, 0x000000009bb00000| Untracked 
| 444|0x000000009bc00000, 0x000000009bc00000, 0x000000009bd00000|  0%| F|  |TAMS 0x000000009bc00000, 0x000000009bc00000| Untracked 
| 445|0x000000009bd00000, 0x000000009bd00000, 0x000000009be00000|  0%| F|  |TAMS 0x000000009bd00000, 0x000000009bd00000| Untracked 
| 446|0x000000009be00000, 0x000000009be00000, 0x000000009bf00000|  0%| F|  |TAMS 0x000000009be00000, 0x000000009be00000| Untracked 
| 447|0x000000009bf00000, 0x000000009bf00000, 0x000000009c000000|  0%| F|  |TAMS 0x000000009bf00000, 0x000000009bf00000| Untracked 
| 448|0x000000009c000000, 0x000000009c000000, 0x000000009c100000|  0%| F|  |TAMS 0x000000009c000000, 0x000000009c000000| Untracked 
| 449|0x000000009c100000, 0x000000009c109cd0, 0x000000009c200000|  3%| S|CS|TAMS 0x000000009c100000, 0x000000009c100000| Complete 
| 450|0x000000009c200000, 0x000000009c300000, 0x000000009c300000|100%| S|CS|TAMS 0x000000009c200000, 0x000000009c200000| Complete 
| 451|0x000000009c300000, 0x000000009c400000, 0x000000009c400000|100%| S|CS|TAMS 0x000000009c300000, 0x000000009c300000| Complete 
| 452|0x000000009c400000, 0x000000009c500000, 0x000000009c500000|100%| S|CS|TAMS 0x000000009c400000, 0x000000009c400000| Complete 
| 453|0x000000009c500000, 0x000000009c600000, 0x000000009c600000|100%| S|CS|TAMS 0x000000009c500000, 0x000000009c500000| Complete 
| 454|0x000000009c600000, 0x000000009c600000, 0x000000009c700000|  0%| F|  |TAMS 0x000000009c600000, 0x000000009c600000| Untracked 
| 455|0x000000009c700000, 0x000000009c700000, 0x000000009c800000|  0%| F|  |TAMS 0x000000009c700000, 0x000000009c700000| Untracked 
| 456|0x000000009c800000, 0x000000009c800000, 0x000000009c900000|  0%| F|  |TAMS 0x000000009c800000, 0x000000009c800000| Untracked 
| 457|0x000000009c900000, 0x000000009c900000, 0x000000009ca00000|  0%| F|  |TAMS 0x000000009c900000, 0x000000009c900000| Untracked 
| 458|0x000000009ca00000, 0x000000009ca00000, 0x000000009cb00000|  0%| F|  |TAMS 0x000000009ca00000, 0x000000009ca00000| Untracked 
| 459|0x000000009cb00000, 0x000000009cb00000, 0x000000009cc00000|  0%| F|  |TAMS 0x000000009cb00000, 0x000000009cb00000| Untracked 
| 460|0x000000009cc00000, 0x000000009cc00000, 0x000000009cd00000|  0%| F|  |TAMS 0x000000009cc00000, 0x000000009cc00000| Untracked 
| 461|0x000000009cd00000, 0x000000009cd00000, 0x000000009ce00000|  0%| F|  |TAMS 0x000000009cd00000, 0x000000009cd00000| Untracked 
| 462|0x000000009ce00000, 0x000000009ce00000, 0x000000009cf00000|  0%| F|  |TAMS 0x000000009ce00000, 0x000000009ce00000| Untracked 
| 463|0x000000009cf00000, 0x000000009cf00000, 0x000000009d000000|  0%| F|  |TAMS 0x000000009cf00000, 0x000000009cf00000| Untracked 
| 464|0x000000009d000000, 0x000000009d000000, 0x000000009d100000|  0%| F|  |TAMS 0x000000009d000000, 0x000000009d000000| Untracked 
| 465|0x000000009d100000, 0x000000009d100000, 0x000000009d200000|  0%| F|  |TAMS 0x000000009d100000, 0x000000009d100000| Untracked 
| 466|0x000000009d200000, 0x000000009d200000, 0x000000009d300000|  0%| F|  |TAMS 0x000000009d200000, 0x000000009d200000| Untracked 
| 467|0x000000009d300000, 0x000000009d300000, 0x000000009d400000|  0%| F|  |TAMS 0x000000009d300000, 0x000000009d300000| Untracked 
| 468|0x000000009d400000, 0x000000009d400000, 0x000000009d500000|  0%| F|  |TAMS 0x000000009d400000, 0x000000009d400000| Untracked 
| 469|0x000000009d500000, 0x000000009d500000, 0x000000009d600000|  0%| F|  |TAMS 0x000000009d500000, 0x000000009d500000| Untracked 
| 470|0x000000009d600000, 0x000000009d600000, 0x000000009d700000|  0%| F|  |TAMS 0x000000009d600000, 0x000000009d600000| Untracked 
| 471|0x000000009d700000, 0x000000009d78aa48, 0x000000009d800000| 54%| E|  |TAMS 0x000000009d700000, 0x000000009d700000| Complete 
| 472|0x000000009d800000, 0x000000009d900000, 0x000000009d900000|100%| E|CS|TAMS 0x000000009d800000, 0x000000009d800000| Complete 
| 473|0x000000009d900000, 0x000000009da00000, 0x000000009da00000|100%| E|CS|TAMS 0x000000009d900000, 0x000000009d900000| Complete 
| 474|0x000000009da00000, 0x000000009db00000, 0x000000009db00000|100%| E|CS|TAMS 0x000000009da00000, 0x000000009da00000| Complete 
| 475|0x000000009db00000, 0x000000009dc00000, 0x000000009dc00000|100%| E|CS|TAMS 0x000000009db00000, 0x000000009db00000| Complete 
| 476|0x000000009dc00000, 0x000000009dd00000, 0x000000009dd00000|100%| E|CS|TAMS 0x000000009dc00000, 0x000000009dc00000| Complete 
| 477|0x000000009dd00000, 0x000000009de00000, 0x000000009de00000|100%| E|CS|TAMS 0x000000009dd00000, 0x000000009dd00000| Complete 
| 478|0x000000009de00000, 0x000000009df00000, 0x000000009df00000|100%| E|CS|TAMS 0x000000009de00000, 0x000000009de00000| Complete 
| 479|0x000000009df00000, 0x000000009e000000, 0x000000009e000000|100%| E|CS|TAMS 0x000000009df00000, 0x000000009df00000| Complete 
| 480|0x000000009e000000, 0x000000009e100000, 0x000000009e100000|100%| E|CS|TAMS 0x000000009e000000, 0x000000009e000000| Complete 
| 481|0x000000009e100000, 0x000000009e200000, 0x000000009e200000|100%| E|CS|TAMS 0x000000009e100000, 0x000000009e100000| Complete 
| 482|0x000000009e200000, 0x000000009e300000, 0x000000009e300000|100%| E|CS|TAMS 0x000000009e200000, 0x000000009e200000| Complete 
| 483|0x000000009e300000, 0x000000009e400000, 0x000000009e400000|100%| E|CS|TAMS 0x000000009e300000, 0x000000009e300000| Complete 
| 484|0x000000009e400000, 0x000000009e500000, 0x000000009e500000|100%| E|CS|TAMS 0x000000009e400000, 0x000000009e400000| Complete 
| 485|0x000000009e500000, 0x000000009e600000, 0x000000009e600000|100%| E|CS|TAMS 0x000000009e500000, 0x000000009e500000| Complete 
| 486|0x000000009e600000, 0x000000009e700000, 0x000000009e700000|100%| E|CS|TAMS 0x000000009e600000, 0x000000009e600000| Complete 
| 487|0x000000009e700000, 0x000000009e800000, 0x000000009e800000|100%| E|CS|TAMS 0x000000009e700000, 0x000000009e700000| Complete 
| 488|0x000000009e800000, 0x000000009e900000, 0x000000009e900000|100%| E|CS|TAMS 0x000000009e800000, 0x000000009e800000| Complete 
| 489|0x000000009e900000, 0x000000009ea00000, 0x000000009ea00000|100%| E|CS|TAMS 0x000000009e900000, 0x000000009e900000| Complete 
| 490|0x000000009ea00000, 0x000000009eb00000, 0x000000009eb00000|100%| E|CS|TAMS 0x000000009ea00000, 0x000000009ea00000| Complete 
| 491|0x000000009eb00000, 0x000000009ec00000, 0x000000009ec00000|100%| E|CS|TAMS 0x000000009eb00000, 0x000000009eb00000| Complete 
| 492|0x000000009ec00000, 0x000000009ed00000, 0x000000009ed00000|100%| E|CS|TAMS 0x000000009ec00000, 0x000000009ec00000| Complete 
| 493|0x000000009ed00000, 0x000000009ee00000, 0x000000009ee00000|100%| E|CS|TAMS 0x000000009ed00000, 0x000000009ed00000| Complete 
| 494|0x000000009ee00000, 0x000000009ef00000, 0x000000009ef00000|100%| E|CS|TAMS 0x000000009ee00000, 0x000000009ee00000| Complete 
| 495|0x000000009ef00000, 0x000000009f000000, 0x000000009f000000|100%| E|CS|TAMS 0x000000009ef00000, 0x000000009ef00000| Complete 
| 496|0x000000009f000000, 0x000000009f100000, 0x000000009f100000|100%| E|CS|TAMS 0x000000009f000000, 0x000000009f000000| Complete 
| 497|0x000000009f100000, 0x000000009f200000, 0x000000009f200000|100%| E|CS|TAMS 0x000000009f100000, 0x000000009f100000| Complete 
| 498|0x000000009f200000, 0x000000009f300000, 0x000000009f300000|100%| E|  |TAMS 0x000000009f200000, 0x000000009f200000| Complete 
| 499|0x000000009f300000, 0x000000009f400000, 0x000000009f400000|100%| E|CS|TAMS 0x000000009f300000, 0x000000009f300000| Complete 
| 500|0x000000009f400000, 0x000000009f500000, 0x000000009f500000|100%| E|CS|TAMS 0x000000009f400000, 0x000000009f400000| Complete 
| 501|0x000000009f500000, 0x000000009f600000, 0x000000009f600000|100%| E|CS|TAMS 0x000000009f500000, 0x000000009f500000| Complete 
| 502|0x000000009f600000, 0x000000009f700000, 0x000000009f700000|100%| E|CS|TAMS 0x000000009f600000, 0x000000009f600000| Complete 
| 503|0x000000009f700000, 0x000000009f800000, 0x000000009f800000|100%| E|CS|TAMS 0x000000009f700000, 0x000000009f700000| Complete 
| 504|0x000000009f800000, 0x000000009f900000, 0x000000009f900000|100%| E|CS|TAMS 0x000000009f800000, 0x000000009f800000| Complete 
| 505|0x000000009f900000, 0x000000009fa00000, 0x000000009fa00000|100%| E|CS|TAMS 0x000000009f900000, 0x000000009f900000| Complete 
| 506|0x000000009fa00000, 0x000000009fb00000, 0x000000009fb00000|100%| E|CS|TAMS 0x000000009fa00000, 0x000000009fa00000| Complete 
| 507|0x000000009fb00000, 0x000000009fc00000, 0x000000009fc00000|100%| E|CS|TAMS 0x000000009fb00000, 0x000000009fb00000| Complete 
| 508|0x000000009fc00000, 0x000000009fd00000, 0x000000009fd00000|100%| E|CS|TAMS 0x000000009fc00000, 0x000000009fc00000| Complete 
| 509|0x000000009fd00000, 0x000000009fe00000, 0x000000009fe00000|100%| E|CS|TAMS 0x000000009fd00000, 0x000000009fd00000| Complete 
| 510|0x000000009fe00000, 0x000000009ff00000, 0x000000009ff00000|100%| E|CS|TAMS 0x000000009fe00000, 0x000000009fe00000| Complete 
| 511|0x000000009ff00000, 0x00000000a0000000, 0x00000000a0000000|100%| E|CS|TAMS 0x000000009ff00000, 0x000000009ff00000| Complete 
| 512|0x00000000a0000000, 0x00000000a0100000, 0x00000000a0100000|100%| E|CS|TAMS 0x00000000a0000000, 0x00000000a0000000| Complete 
| 513|0x00000000a0100000, 0x00000000a0200000, 0x00000000a0200000|100%| E|CS|TAMS 0x00000000a0100000, 0x00000000a0100000| Complete 
| 514|0x00000000a0200000, 0x00000000a0300000, 0x00000000a0300000|100%| E|CS|TAMS 0x00000000a0200000, 0x00000000a0200000| Complete 
| 515|0x00000000a0300000, 0x00000000a0400000, 0x00000000a0400000|100%| E|CS|TAMS 0x00000000a0300000, 0x00000000a0300000| Complete 
| 516|0x00000000a0400000, 0x00000000a0500000, 0x00000000a0500000|100%| E|CS|TAMS 0x00000000a0400000, 0x00000000a0400000| Complete 
| 517|0x00000000a0500000, 0x00000000a0600000, 0x00000000a0600000|100%| E|CS|TAMS 0x00000000a0500000, 0x00000000a0500000| Complete 
| 518|0x00000000a0600000, 0x00000000a0700000, 0x00000000a0700000|100%| E|CS|TAMS 0x00000000a0600000, 0x00000000a0600000| Complete 
| 519|0x00000000a0700000, 0x00000000a0800000, 0x00000000a0800000|100%| E|CS|TAMS 0x00000000a0700000, 0x00000000a0700000| Complete 
| 520|0x00000000a0800000, 0x00000000a0900000, 0x00000000a0900000|100%| E|CS|TAMS 0x00000000a0800000, 0x00000000a0800000| Complete 
| 521|0x00000000a0900000, 0x00000000a0a00000, 0x00000000a0a00000|100%| E|CS|TAMS 0x00000000a0900000, 0x00000000a0900000| Complete 

Card table byte_map: [0x0000019966050000,0x0000019966450000] _byte_map_base: 0x0000019965c50000

Marking Bits (Prev, Next): (CMBitMap*) 0x000001994ec338f0, (CMBitMap*) 0x000001994ec33930
 Prev Bits: [0x0000019966850000, 0x0000019968850000)
 Next Bits: [0x0000019968850000, 0x000001996a850000)

Polling page: 0x000001994c960000

Metaspace:

Usage:
  Non-class:    140.93 MB used.
      Class:     22.82 MB used.
       Both:    163.75 MB used.

Virtual space:
  Non-class space:      192.00 MB reserved,     142.06 MB ( 74%) committed,  3 nodes.
      Class space:      416.00 MB reserved,      23.75 MB (  6%) committed,  1 nodes.
             Both:      608.00 MB reserved,     165.81 MB ( 27%) committed. 

Chunk freelists:
   Non-Class:  1.70 MB
       Class:  8.10 MB
        Both:  9.81 MB

MaxMetaspaceSize: 512.00 MB
CompressedClassSpaceSize: 416.00 MB
Initial GC threshold: 21.00 MB
Current GC threshold: 220.75 MB
CDS: on
MetaspaceReclaimPolicy: balanced
 - commit_granule_bytes: 65536.
 - commit_granule_words: 8192.
 - virtual_space_node_default_size: 8388608.
 - enlarge_chunks_in_place: 1.
 - new_chunks_are_fully_committed: 0.
 - uncommit_free_chunks: 1.
 - use_allocation_guard: 0.
 - handle_deallocations: 1.


Internal statistics:

num_allocs_failed_limit: 9.
num_arena_births: 2848.
num_arena_deaths: 0.
num_vsnodes_births: 4.
num_vsnodes_deaths: 0.
num_space_committed: 2652.
num_space_uncommitted: 0.
num_chunks_returned_to_freelist: 9.
num_chunks_taken_from_freelist: 10726.
num_chunk_merges: 9.
num_chunk_splits: 6834.
num_chunks_enlarged: 4178.
num_inconsistent_stats: 0.

CodeHeap 'non-profiled nmethods': size=120000Kb used=17109Kb max_used=17780Kb free=102891Kb
 bounds [0x000001995e1d0000, 0x000001995f330000, 0x0000019965700000]
CodeHeap 'profiled nmethods': size=120000Kb used=51136Kb max_used=51136Kb free=68863Kb
 bounds [0x0000019956700000, 0x0000019959900000, 0x000001995dc30000]
CodeHeap 'non-nmethods': size=5760Kb used=2530Kb max_used=2592Kb free=3229Kb
 bounds [0x000001995dc30000, 0x000001995dec0000, 0x000001995e1d0000]
 total_blobs=25883 nmethods=24804 adapters=989
 compilation: enabled
              stopped_count=0, restarted_count=0
 full_count=0

Compilation events (20 events):
Event: 91.672 Thread 0x000001996cb4fab0 31166       2       org.gradle.internal.properties.annotations.AbstractTypeMetadataWalker$InstanceTypeMetadataWalker$$Lambda$1555/0x00000199019cefd0::get (8 bytes)
Event: 91.672 Thread 0x000001996cb4fab0 nmethod 31166 0x00000199598a6790 code [0x00000199598a6940, 0x00000199598a6b38]
Event: 91.672 Thread 0x000001996cb4fab0 31167       2       org.gradle.internal.properties.annotations.AbstractTypeMetadataWalker$InstanceTypeMetadataWalker::lambda$walkNestedProvider$0 (10 bytes)
Event: 91.672 Thread 0x000001996cb4fab0 nmethod 31167 0x00000199598a6c90 code [0x00000199598a6e40, 0x00000199598a7018]
Event: 91.711 Thread 0x000001996cb4fab0 31168       2       org.gradle.internal.work.DefaultConditionalExecutionQueue::getMaxWorkerCount (10 bytes)
Event: 91.711 Thread 0x000001996cb4fab0 nmethod 31168 0x00000199598a7190 code [0x00000199598a7320, 0x00000199598a7478]
Event: 91.718 Thread 0x000001996cb4fab0 31169       2       com.google.common.collect.Maps$FilteredEntryMap$EntrySet::iterator (21 bytes)
Event: 91.719 Thread 0x000001996cb4fab0 nmethod 31169 0x00000199598a7590 code [0x00000199598a7760, 0x00000199598a7ad8]
Event: 91.719 Thread 0x000001996cb4fab0 31172       2       com.google.common.collect.Collections2$FilteredCollection::iterator (17 bytes)
Event: 91.720 Thread 0x000001996cb4fab0 nmethod 31172 0x00000199598a7c90 code [0x00000199598a7e60, 0x00000199598a82c8]
Event: 91.720 Thread 0x000001996cb4fab0 31170       2       com.google.common.collect.Maps$FilteredEntryMap$EntrySet$1::<init> (11 bytes)
Event: 91.720 Thread 0x000001996cb4fab0 nmethod 31170 0x00000199598a8410 code [0x00000199598a85c0, 0x00000199598a88a8]
Event: 91.720 Thread 0x000001996cb4fab0 31171       2       com.google.common.collect.ForwardingCollection::toArray (11 bytes)
Event: 91.720 Thread 0x000001996cb4fab0 nmethod 31171 0x00000199598a8a10 code [0x00000199598a8bc0, 0x00000199598a8d18]
Event: 91.854 Thread 0x000001996cb4fab0 31173       2       sun.nio.fs.WindowsFileAttributes::isDirectoryLink (23 bytes)
Event: 91.854 Thread 0x000001996cb4fab0 nmethod 31173 0x00000199598a8e10 code [0x00000199598a8fa0, 0x00000199598a90f8]
Event: 91.900 Thread 0x000001996cb4fab0 31174   !   2       org.gradle.internal.logging.services.DefaultLoggingManager$StartableLoggingSystem::stop (47 bytes)
Event: 91.900 Thread 0x000001996cb4fab0 nmethod 31174 0x00000199598a9190 code [0x00000199598a9340, 0x00000199598a9508]
Event: 91.903 Thread 0x000001996cb4fab0 31175       2       org.gradle.internal.logging.services.TextStreamOutputEventListener::onOutput (45 bytes)
Event: 91.904 Thread 0x000001996cb4fab0 nmethod 31175 0x00000199598a9610 code [0x00000199598a97e0, 0x00000199598a9b58]

GC Heap History (20 events):
Event: 89.328 GC heap before
{Heap before GC invocations=110 (full 0):
 garbage-first heap   total 534528K, used 458590K [0x0000000080000000, 0x0000000100000000)
  region size 1024K, 85 young (87040K), 11 survivors (11264K)
 Metaspace       used 162018K, committed 164096K, reserved 622592K
  class space    used 22467K, committed 23360K, reserved 425984K
}
Event: 89.336 GC heap after
{Heap after GC invocations=111 (full 0):
 garbage-first heap   total 534528K, used 386256K [0x0000000080000000, 0x0000000100000000)
  region size 1024K, 3 young (3072K), 3 survivors (3072K)
 Metaspace       used 162018K, committed 164096K, reserved 622592K
  class space    used 22467K, committed 23360K, reserved 425984K
}
Event: 89.433 GC heap before
{Heap before GC invocations=111 (full 0):
 garbage-first heap   total 534528K, used 461008K [0x0000000080000000, 0x0000000100000000)
  region size 1024K, 77 young (78848K), 3 survivors (3072K)
 Metaspace       used 162425K, committed 164480K, reserved 622592K
  class space    used 22530K, committed 23424K, reserved 425984K
}
Event: 89.436 GC heap after
{Heap after GC invocations=112 (full 0):
 garbage-first heap   total 534528K, used 385650K [0x0000000080000000, 0x0000000100000000)
  region size 1024K, 3 young (3072K), 3 survivors (3072K)
 Metaspace       used 162425K, committed 164480K, reserved 622592K
  class space    used 22530K, committed 23424K, reserved 425984K
}
Event: 89.519 GC heap before
{Heap before GC invocations=112 (full 0):
 garbage-first heap   total 534528K, used 464498K [0x0000000080000000, 0x0000000100000000)
  region size 1024K, 80 young (81920K), 3 survivors (3072K)
 Metaspace       used 162880K, committed 164992K, reserved 622592K
  class space    used 22583K, committed 23488K, reserved 425984K
}
Event: 89.522 GC heap after
{Heap after GC invocations=113 (full 0):
 garbage-first heap   total 534528K, used 386675K [0x0000000080000000, 0x0000000100000000)
  region size 1024K, 4 young (4096K), 4 survivors (4096K)
 Metaspace       used 162880K, committed 164992K, reserved 622592K
  class space    used 22583K, committed 23488K, reserved 425984K
}
Event: 89.608 GC heap before
{Heap before GC invocations=113 (full 0):
 garbage-first heap   total 534528K, used 466547K [0x0000000080000000, 0x0000000100000000)
  region size 1024K, 82 young (83968K), 4 survivors (4096K)
 Metaspace       used 163543K, committed 165632K, reserved 622592K
  class space    used 22703K, committed 23616K, reserved 425984K
}
Event: 89.611 GC heap after
{Heap after GC invocations=114 (full 0):
 garbage-first heap   total 534528K, used 387226K [0x0000000080000000, 0x0000000100000000)
  region size 1024K, 4 young (4096K), 4 survivors (4096K)
 Metaspace       used 163543K, committed 165632K, reserved 622592K
  class space    used 22703K, committed 23616K, reserved 425984K
}
Event: 89.747 GC heap before
{Heap before GC invocations=114 (full 0):
 garbage-first heap   total 534528K, used 468122K [0x0000000080000000, 0x0000000100000000)
  region size 1024K, 83 young (84992K), 4 survivors (4096K)
 Metaspace       used 164622K, committed 166720K, reserved 622592K
  class space    used 22872K, committed 23808K, reserved 425984K
}
Event: 89.751 GC heap after
{Heap after GC invocations=115 (full 0):
 garbage-first heap   total 534528K, used 386685K [0x0000000080000000, 0x0000000100000000)
  region size 1024K, 4 young (4096K), 4 survivors (4096K)
 Metaspace       used 164622K, committed 166720K, reserved 622592K
  class space    used 22872K, committed 23808K, reserved 425984K
}
Event: 90.802 GC heap before
{Heap before GC invocations=115 (full 0):
 garbage-first heap   total 534528K, used 470653K [0x0000000080000000, 0x0000000100000000)
  region size 1024K, 85 young (87040K), 4 survivors (4096K)
 Metaspace       used 166559K, committed 168640K, reserved 622592K
  class space    used 23282K, committed 24192K, reserved 425984K
}
Event: 90.806 GC heap after
{Heap after GC invocations=116 (full 0):
 garbage-first heap   total 534528K, used 390875K [0x0000000080000000, 0x0000000100000000)
  region size 1024K, 8 young (8192K), 8 survivors (8192K)
 Metaspace       used 166559K, committed 168640K, reserved 622592K
  class space    used 23282K, committed 24192K, reserved 425984K
}
Event: 90.941 GC heap before
{Heap before GC invocations=116 (full 0):
 garbage-first heap   total 534528K, used 466650K [0x0000000080000000, 0x0000000100000000)
  region size 1024K, 83 young (84992K), 8 survivors (8192K)
 Metaspace       used 167058K, committed 169152K, reserved 622592K
  class space    used 23343K, committed 24256K, reserved 425984K
}
Event: 90.947 GC heap after
{Heap after GC invocations=117 (full 0):
 garbage-first heap   total 534528K, used 395848K [0x0000000080000000, 0x0000000100000000)
  region size 1024K, 11 young (11264K), 11 survivors (11264K)
 Metaspace       used 167058K, committed 169152K, reserved 622592K
  class space    used 23343K, committed 24256K, reserved 425984K
}
Event: 91.039 GC heap before
{Heap before GC invocations=117 (full 0):
 garbage-first heap   total 534528K, used 462408K [0x0000000080000000, 0x0000000100000000)
  region size 1024K, 77 young (78848K), 11 survivors (11264K)
 Metaspace       used 167172K, committed 169280K, reserved 622592K
  class space    used 23344K, committed 24256K, reserved 425984K
}
Event: 91.047 GC heap after
{Heap after GC invocations=118 (full 0):
 garbage-first heap   total 534528K, used 398297K [0x0000000080000000, 0x0000000100000000)
  region size 1024K, 6 young (6144K), 6 survivors (6144K)
 Metaspace       used 167172K, committed 169280K, reserved 622592K
  class space    used 23344K, committed 24256K, reserved 425984K
}
Event: 91.194 GC heap before
{Heap before GC invocations=118 (full 0):
 garbage-first heap   total 534528K, used 461785K [0x0000000080000000, 0x0000000100000000)
  region size 1024K, 69 young (70656K), 6 survivors (6144K)
 Metaspace       used 167393K, committed 169472K, reserved 622592K
  class space    used 23346K, committed 24256K, reserved 425984K
}
Event: 91.205 GC heap after
{Heap after GC invocations=119 (full 0):
 garbage-first heap   total 534528K, used 397167K [0x0000000080000000, 0x0000000100000000)
  region size 1024K, 2 young (2048K), 2 survivors (2048K)
 Metaspace       used 167393K, committed 169472K, reserved 622592K
  class space    used 23346K, committed 24256K, reserved 425984K
}
Event: 91.586 GC heap before
{Heap before GC invocations=119 (full 0):
 garbage-first heap   total 534528K, used 464751K [0x0000000080000000, 0x0000000100000000)
  region size 1024K, 68 young (69632K), 2 survivors (2048K)
 Metaspace       used 167599K, committed 169728K, reserved 622592K
  class space    used 23361K, committed 24320K, reserved 425984K
}
Event: 91.588 GC heap after
{Heap after GC invocations=120 (full 0):
 garbage-first heap   total 534528K, used 399725K [0x0000000080000000, 0x0000000100000000)
  region size 1024K, 5 young (5120K), 5 survivors (5120K)
 Metaspace       used 167599K, committed 169728K, reserved 622592K
  class space    used 23361K, committed 24320K, reserved 425984K
}

Dll operation events (16 events):
Event: 0.009 Loaded shared library C:\Program Files\Microsoft\jdk-17.0.14.7-hotspot\bin\java.dll
Event: 0.022 Loaded shared library C:\Program Files\Microsoft\jdk-17.0.14.7-hotspot\bin\jsvml.dll
Event: 0.061 Loaded shared library C:\Program Files\Microsoft\jdk-17.0.14.7-hotspot\bin\zip.dll
Event: 0.064 Loaded shared library C:\Program Files\Microsoft\jdk-17.0.14.7-hotspot\bin\instrument.dll
Event: 0.068 Loaded shared library C:\Program Files\Microsoft\jdk-17.0.14.7-hotspot\bin\net.dll
Event: 0.070 Loaded shared library C:\Program Files\Microsoft\jdk-17.0.14.7-hotspot\bin\nio.dll
Event: 0.072 Loaded shared library C:\Program Files\Microsoft\jdk-17.0.14.7-hotspot\bin\zip.dll
Event: 0.336 Loaded shared library C:\Program Files\Microsoft\jdk-17.0.14.7-hotspot\bin\jimage.dll
Event: 0.546 Loaded shared library C:\Program Files\Microsoft\jdk-17.0.14.7-hotspot\bin\verify.dll
Event: 0.652 Loaded shared library C:\Users\Nico\.gradle\native\1def1411415f61bf3af743bc5b6707747c0891f09f0c88961ee8f79bc544acac\windows-amd64\native-platform.dll
Event: 0.668 Loaded shared library C:\Users\Nico\.gradle\native\0.2.7\x86_64-windows-gnu\gradle-fileevents.dll
Event: 1.845 Loaded shared library C:\Program Files\Microsoft\jdk-17.0.14.7-hotspot\bin\management.dll
Event: 1.850 Loaded shared library C:\Program Files\Microsoft\jdk-17.0.14.7-hotspot\bin\management_ext.dll
Event: 2.110 Loaded shared library C:\Program Files\Microsoft\jdk-17.0.14.7-hotspot\bin\extnet.dll
Event: 2.381 Loaded shared library C:\Program Files\Microsoft\jdk-17.0.14.7-hotspot\bin\sunmscapi.dll
Event: 85.651 Loaded shared library C:\Program Files\Microsoft\jdk-17.0.14.7-hotspot\bin\rmi.dll

Deoptimization events (20 events):
Event: 91.380 Thread 0x00000199749fb490 Uncommon trap: trap_request=0xffffffc6 fr.pc=0x000001995efa4a8c relative=0x0000000000005f8c
Event: 91.380 Thread 0x00000199749fb490 Uncommon trap: reason=bimorphic_or_optimized_type_check action=maybe_recompile pc=0x000001995efa4a8c method=org.gradle.api.internal.artifacts.transform.DefaultTransformedVariantFactory$VariantKey.equals(Ljava/lang/Object;)Z @ 37 c2
Event: 91.380 Thread 0x00000199749fb490 DEOPT PACKING pc=0x000001995efa4a8c sp=0x00000061241fbbc0
Event: 91.380 Thread 0x00000199749fb490 DEOPT UNPACKING pc=0x000001995dc869a3 sp=0x00000061241fbb88 mode 2
Event: 91.380 Thread 0x00000199749fb490 Uncommon trap: trap_request=0xffffffc6 fr.pc=0x000001995efa4a8c relative=0x0000000000005f8c
Event: 91.380 Thread 0x00000199749fb490 Uncommon trap: reason=bimorphic_or_optimized_type_check action=maybe_recompile pc=0x000001995efa4a8c method=org.gradle.api.internal.artifacts.transform.DefaultTransformedVariantFactory$VariantKey.equals(Ljava/lang/Object;)Z @ 37 c2
Event: 91.380 Thread 0x00000199749fb490 DEOPT PACKING pc=0x000001995efa4a8c sp=0x00000061241fbbc0
Event: 91.380 Thread 0x00000199749fb490 DEOPT UNPACKING pc=0x000001995dc869a3 sp=0x00000061241fbb88 mode 2
Event: 91.380 Thread 0x00000199749fb490 Uncommon trap: trap_request=0xffffffc6 fr.pc=0x000001995efa6724 relative=0x0000000000007c24
Event: 91.380 Thread 0x00000199749fb490 Uncommon trap: reason=bimorphic_or_optimized_type_check action=maybe_recompile pc=0x000001995efa6724 method=org.gradle.api.internal.artifacts.transform.DefaultTransformedVariantFactory$VariantKey.equals(Ljava/lang/Object;)Z @ 37 c2
Event: 91.380 Thread 0x00000199749fb490 DEOPT PACKING pc=0x000001995efa6724 sp=0x00000061241fbbc0
Event: 91.380 Thread 0x00000199749fb490 DEOPT UNPACKING pc=0x000001995dc869a3 sp=0x00000061241fbb88 mode 2
Event: 91.380 Thread 0x00000199749fb490 Uncommon trap: trap_request=0xffffffc6 fr.pc=0x000001995efa4a8c relative=0x0000000000005f8c
Event: 91.380 Thread 0x00000199749fb490 Uncommon trap: reason=bimorphic_or_optimized_type_check action=maybe_recompile pc=0x000001995efa4a8c method=org.gradle.api.internal.artifacts.transform.DefaultTransformedVariantFactory$VariantKey.equals(Ljava/lang/Object;)Z @ 37 c2
Event: 91.380 Thread 0x00000199749fb490 DEOPT PACKING pc=0x000001995efa4a8c sp=0x00000061241fbbc0
Event: 91.380 Thread 0x00000199749fb490 DEOPT UNPACKING pc=0x000001995dc869a3 sp=0x00000061241fbb88 mode 2
Event: 91.544 Thread 0x00000199749fb490 Uncommon trap: trap_request=0xffffff45 fr.pc=0x000001995ed56e0c relative=0x000000000000096c
Event: 91.544 Thread 0x00000199749fb490 Uncommon trap: reason=unstable_if action=reinterpret pc=0x000001995ed56e0c method=org.gradle.internal.snapshot.VfsRelativePath.lengthOfCommonPrefix(Ljava/lang/String;Lorg/gradle/internal/snapshot/CaseSensitivity;)I @ 165 c2
Event: 91.544 Thread 0x00000199749fb490 DEOPT PACKING pc=0x000001995ed56e0c sp=0x00000061241fc020
Event: 91.544 Thread 0x00000199749fb490 DEOPT UNPACKING pc=0x000001995dc869a3 sp=0x00000061241fbfb0 mode 2

Classes loaded (20 events):
Event: 88.965 Loading class java/util/SortedSet$1
Event: 88.966 Loading class java/util/SortedSet$1 done
Event: 88.968 Loading class java/util/stream/SliceOps
Event: 88.969 Loading class java/util/stream/SliceOps done
Event: 88.969 Loading class java/util/stream/SliceOps$1
Event: 88.969 Loading class java/util/stream/SliceOps$1 done
Event: 88.970 Loading class java/util/stream/SliceOps$1$1
Event: 88.971 Loading class java/util/stream/SliceOps$1$1 done
Event: 90.719 Loading class java/nio/ShortBuffer
Event: 90.719 Loading class java/nio/ShortBuffer done
Event: 90.757 Loading class java/nio/ByteBufferAsShortBufferL
Event: 90.758 Loading class java/nio/ByteBufferAsShortBufferL done
Event: 90.808 Loading class java/util/zip/ZipOutputStream
Event: 90.809 Loading class java/util/zip/Adler32
Event: 90.810 Loading class java/util/zip/ZipOutputStream done
Event: 90.810 Loading class java/util/zip/Adler32 done
Event: 90.940 Loading class java/util/zip/ZipOutputStream$XEntry
Event: 90.940 Loading class java/util/zip/ZipOutputStream$XEntry done
Event: 90.949 Loading class java/util/Vector$Itr
Event: 90.950 Loading class java/util/Vector$Itr done

Classes unloaded (0 events):
No events

Classes redefined (0 events):
No events

Internal exceptions (20 events):
Event: 91.735 Thread 0x000001997c5b2040 Exception <a 'sun/nio/fs/WindowsException'{0x000000009f46cd78}> (0x000000009f46cd78) 
thrown [s\src\hotspot\share\prims\jni.cpp, line 516]
Event: 91.735 Thread 0x000001997c5b2040 Exception <a 'sun/nio/fs/WindowsException'{0x000000009f46e348}> (0x000000009f46e348) 
thrown [s\src\hotspot\share\prims\jni.cpp, line 516]
Event: 91.738 Thread 0x000001997c5b06f0 Exception <a 'sun/nio/fs/WindowsException'{0x000000009f5556b8}> (0x000000009f5556b8) 
thrown [s\src\hotspot\share\prims\jni.cpp, line 516]
Event: 91.777 Thread 0x000001997c5bae00 Exception <a 'sun/nio/fs/WindowsException'{0x000000009f42d9c0}> (0x000000009f42d9c0) 
thrown [s\src\hotspot\share\prims\jni.cpp, line 516]
Event: 91.792 Thread 0x000001997c5b2040 Exception <a 'sun/nio/fs/WindowsException'{0x000000009f46f5e0}> (0x000000009f46f5e0) 
thrown [s\src\hotspot\share\prims\jni.cpp, line 516]
Event: 91.822 Thread 0x000001997c5b06f0 Exception <a 'sun/nio/fs/WindowsException'{0x000000009f4710f8}> (0x000000009f4710f8) 
thrown [s\src\hotspot\share\prims\jni.cpp, line 516]
Event: 91.853 Thread 0x000001997c5b2040 Exception <a 'sun/nio/fs/WindowsException'{0x000000009f473050}> (0x000000009f473050) 
thrown [s\src\hotspot\share\prims\jni.cpp, line 516]
Event: 91.854 Thread 0x000001997c5b06f0 Exception <a 'sun/nio/fs/WindowsException'{0x000000009f476d00}> (0x000000009f476d00) 
thrown [s\src\hotspot\share\prims\jni.cpp, line 516]
Event: 91.900 Thread 0x000001997c5b06f0 Exception <a 'sun/nio/fs/WindowsException'{0x000000009f478290}> (0x000000009f478290) 
thrown [s\src\hotspot\share\prims\jni.cpp, line 516]
Event: 91.900 Thread 0x000001997c5b2040 Exception <a 'sun/nio/fs/WindowsException'{0x000000009f474300}> (0x000000009f474300) 
thrown [s\src\hotspot\share\prims\jni.cpp, line 516]
Event: 91.903 Thread 0x000001997c5b2040 Exception <a 'sun/nio/fs/WindowsException'{0x000000009f4755b0}> (0x000000009f4755b0) 
thrown [s\src\hotspot\share\prims\jni.cpp, line 516]
Event: 91.909 Thread 0x000001997c5b2040 Exception <a 'sun/nio/fs/WindowsException'{0x000000009f4aab78}> (0x000000009f4aab78) 
thrown [s\src\hotspot\share\prims\jni.cpp, line 516]
Event: 91.917 Thread 0x000001997c5b2040 Exception <a 'sun/nio/fs/WindowsException'{0x000000009f4abe28}> (0x000000009f4abe28) 
thrown [s\src\hotspot\share\prims\jni.cpp, line 516]
Event: 91.939 Thread 0x000001997c5b2040 Exception <a 'sun/nio/fs/WindowsException'{0x000000009f4ad0d8}> (0x000000009f4ad0d8) 
thrown [s\src\hotspot\share\prims\jni.cpp, line 516]
Event: 91.995 Thread 0x000001997c5b2040 Exception <a 'sun/nio/fs/WindowsException'{0x000000009f4ae388}> (0x000000009f4ae388) 
thrown [s\src\hotspot\share\prims\jni.cpp, line 516]
Event: 92.023 Thread 0x000001997c5b2040 Exception <a 'sun/nio/fs/WindowsException'{0x000000009f4c2258}> (0x000000009f4c2258) 
thrown [s\src\hotspot\share\prims\jni.cpp, line 516]
Event: 92.028 Thread 0x000001997c5b2040 Exception <a 'sun/nio/fs/WindowsException'{0x000000009f4c3508}> (0x000000009f4c3508) 
thrown [s\src\hotspot\share\prims\jni.cpp, line 516]
Event: 92.032 Thread 0x000001997c5b2040 Exception <a 'sun/nio/fs/WindowsException'{0x000000009f4c4828}> (0x000000009f4c4828) 
thrown [s\src\hotspot\share\prims\jni.cpp, line 516]
Event: 92.041 Thread 0x000001997c5b2040 Exception <a 'sun/nio/fs/WindowsException'{0x000000009f4c5da8}> (0x000000009f4c5da8) 
thrown [s\src\hotspot\share\prims\jni.cpp, line 516]
Event: 92.044 Thread 0x000001997c5b2040 Exception <a 'sun/nio/fs/WindowsException'{0x000000009f4c7008}> (0x000000009f4c7008) 
thrown [s\src\hotspot\share\prims\jni.cpp, line 516]

VM Operations (20 events):
Event: 90.737 Executing VM operation: HandshakeAllThreads
Event: 90.737 Executing VM operation: HandshakeAllThreads done
Event: 90.801 Executing VM operation: G1CollectForAllocation
Event: 90.806 Executing VM operation: G1CollectForAllocation done
Event: 90.903 Executing VM operation: ICBufferFull
Event: 90.903 Executing VM operation: ICBufferFull done
Event: 90.940 Executing VM operation: G1CollectForAllocation
Event: 90.947 Executing VM operation: G1CollectForAllocation done
Event: 91.039 Executing VM operation: G1CollectForAllocation
Event: 91.047 Executing VM operation: G1CollectForAllocation done
Event: 91.089 Executing VM operation: HandshakeAllThreads
Event: 91.089 Executing VM operation: HandshakeAllThreads done
Event: 91.098 Executing VM operation: HandshakeAllThreads
Event: 91.099 Executing VM operation: HandshakeAllThreads done
Event: 91.166 Executing VM operation: ICBufferFull
Event: 91.166 Executing VM operation: ICBufferFull done
Event: 91.194 Executing VM operation: G1CollectForAllocation
Event: 91.205 Executing VM operation: G1CollectForAllocation done
Event: 91.586 Executing VM operation: G1CollectForAllocation
Event: 91.589 Executing VM operation: G1CollectForAllocation done

Memory protections (0 events):
No events

Nmethod flushes (20 events):
Event: 89.325 Thread 0x000001996d508de0 flushing  nmethod 0x00000199592cc210
Event: 89.325 Thread 0x000001996d508de0 flushing  nmethod 0x00000199592cc590
Event: 89.325 Thread 0x000001996d508de0 flushing  nmethod 0x00000199592cd290
Event: 89.325 Thread 0x000001996d508de0 flushing  nmethod 0x00000199592cf690
Event: 89.325 Thread 0x000001996d508de0 flushing  nmethod 0x00000199592d3310
Event: 89.325 Thread 0x000001996d508de0 flushing  nmethod 0x00000199592d5390
Event: 89.325 Thread 0x000001996d508de0 flushing  nmethod 0x00000199592d6590
Event: 89.325 Thread 0x000001996d508de0 flushing  nmethod 0x00000199592d6d10
Event: 89.325 Thread 0x000001996d508de0 flushing  nmethod 0x00000199592d7c90
Event: 89.325 Thread 0x000001996d508de0 flushing  nmethod 0x00000199592db090
Event: 89.325 Thread 0x000001996d508de0 flushing  nmethod 0x00000199592e0410
Event: 89.325 Thread 0x000001996d508de0 flushing  nmethod 0x00000199592e1d10
Event: 89.325 Thread 0x000001996d508de0 flushing  nmethod 0x00000199592e2090
Event: 89.325 Thread 0x000001996d508de0 flushing  nmethod 0x00000199592e2490
Event: 89.325 Thread 0x000001996d508de0 flushing  nmethod 0x00000199592e5890
Event: 89.326 Thread 0x000001996d508de0 flushing  nmethod 0x00000199592fa390
Event: 89.326 Thread 0x000001996d508de0 flushing  nmethod 0x0000019959300d10
Event: 89.326 Thread 0x000001996d508de0 flushing  nmethod 0x0000019959301110
Event: 89.326 Thread 0x000001996d508de0 flushing  nmethod 0x0000019959301490
Event: 89.326 Thread 0x000001996d508de0 flushing  nmethod 0x0000019959301810

Events (20 events):
Event: 82.297 Thread 0x00000199749fb490 Thread added: 0x000001997c5ba3e0
Event: 82.478 Thread 0x000001996cb4fab0 Thread added: 0x00000199761f0880
Event: 82.858 Thread 0x000001997657ed80 Thread added: 0x000001997c5bae00
Event: 83.648 Thread 0x00000199761f0880 Thread exited: 0x00000199761f0880
Event: 83.925 Thread 0x000001996cb4fab0 Thread added: 0x00000199761f0880
Event: 84.103 Thread 0x00000199761f0880 Thread exited: 0x00000199761f0880
Event: 84.554 Thread 0x00000199765810f0 Thread added: 0x000001997c5bb820
Event: 84.575 Thread 0x000001996cb4fab0 Thread added: 0x00000199761f0880
Event: 84.981 Thread 0x0000019976580be0 Thread added: 0x000001997c5b99c0
Event: 84.998 Thread 0x00000199749faa70 Thread added: 0x000001997c5b8a90
Event: 85.610 Thread 0x000001997c5b0c00 Thread added: 0x000001997c5b8fa0
Event: 85.624 Thread 0x000001997c5b0c00 Thread added: 0x000001997c5bd170
Event: 85.660 Thread 0x000001997c5b0c00 Thread added: 0x000001997c5bd680
Event: 86.174 Thread 0x000001997c5b0c00 Thread added: 0x000001997c5be5b0
Event: 86.174 Thread 0x000001997c5b0c00 Thread added: 0x000001997c5bdb90
Event: 87.278 Thread 0x000001997c5be5b0 Thread added: 0x00000199765806d0
Event: 87.948 Thread 0x00000199761f0880 Thread exited: 0x00000199761f0880
Event: 90.246 Thread 0x000001997c5b6210 Thread exited: 0x000001997c5b6210
Event: 90.863 Thread 0x00000199765810f0 Thread added: 0x000001997d0c19f0
Event: 90.879 Thread 0x00000199765810f0 Thread added: 0x000001997ff35610


Dynamic libraries:
0x00007ff796fc0000 - 0x00007ff796fce000 	C:\Program Files\Microsoft\jdk-17.0.14.7-hotspot\bin\java.exe
0x00007ffd7cec0000 - 0x00007ffd7d126000 	C:\WINDOWS\SYSTEM32\ntdll.dll
0x00007ffd7afb0000 - 0x00007ffd7b079000 	C:\WINDOWS\System32\KERNEL32.DLL
0x00007ffd7a600000 - 0x00007ffd7a9cc000 	C:\WINDOWS\System32\KERNELBASE.dll
0x00007ffd7a200000 - 0x00007ffd7a34b000 	C:\WINDOWS\System32\ucrtbase.dll
0x00007ffd650d0000 - 0x00007ffd650ed000 	C:\Program Files\Microsoft\jdk-17.0.14.7-hotspot\bin\VCRUNTIME140.dll
0x00007ffd67ca0000 - 0x00007ffd67cb7000 	C:\Program Files\Microsoft\jdk-17.0.14.7-hotspot\bin\jli.dll
0x00007ffd7bae0000 - 0x00007ffd7bcaa000 	C:\WINDOWS\System32\USER32.dll
0x00007ffd7a1d0000 - 0x00007ffd7a1f7000 	C:\WINDOWS\System32\win32u.dll
0x00007ffd7b8b0000 - 0x00007ffd7b8db000 	C:\WINDOWS\System32\GDI32.dll
0x00007ffd5a4a0000 - 0x00007ffd5a73a000 	C:\WINDOWS\WinSxS\amd64_microsoft.windows.common-controls_6595b64144ccf1df_6.0.26100.3912_none_3e07963ce335137e\COMCTL32.dll
0x00007ffd7ab40000 - 0x00007ffd7ac72000 	C:\WINDOWS\System32\gdi32full.dll
0x00007ffd7a9d0000 - 0x00007ffd7aa73000 	C:\WINDOWS\System32\msvcp_win.dll
0x00007ffd7bcb0000 - 0x00007ffd7bd59000 	C:\WINDOWS\System32\msvcrt.dll
0x00007ffd7b080000 - 0x00007ffd7b0b0000 	C:\WINDOWS\System32\IMM32.DLL
0x00007ffd67d20000 - 0x00007ffd67d2c000 	C:\Program Files\Microsoft\jdk-17.0.14.7-hotspot\bin\vcruntime140_1.dll
0x00007ffcb04a0000 - 0x00007ffcb052d000 	C:\Program Files\Microsoft\jdk-17.0.14.7-hotspot\bin\msvcp140.dll
0x00007ffc2f450000 - 0x00007ffc300c2000 	C:\Program Files\Microsoft\jdk-17.0.14.7-hotspot\bin\server\jvm.dll
0x00007ffd7ad70000 - 0x00007ffd7ae22000 	C:\WINDOWS\System32\ADVAPI32.dll
0x00007ffd7cac0000 - 0x00007ffd7cb66000 	C:\WINDOWS\System32\sechost.dll
0x00007ffd7b970000 - 0x00007ffd7ba86000 	C:\WINDOWS\System32\RPCRT4.dll
0x00007ffd7ae30000 - 0x00007ffd7aea4000 	C:\WINDOWS\System32\WS2_32.dll
0x00007ffd78c60000 - 0x00007ffd78cbe000 	C:\WINDOWS\SYSTEM32\POWRPROF.dll
0x00007ffd70b90000 - 0x00007ffd70b9b000 	C:\WINDOWS\SYSTEM32\VERSION.dll
0x00007ffd6df00000 - 0x00007ffd6df36000 	C:\WINDOWS\SYSTEM32\WINMM.dll
0x00007ffd78c40000 - 0x00007ffd78c54000 	C:\WINDOWS\SYSTEM32\UMPDC.dll
0x00007ffd78f30000 - 0x00007ffd78f4a000 	C:\WINDOWS\SYSTEM32\kernel.appcore.dll
0x00007ffd67740000 - 0x00007ffd6774a000 	C:\Program Files\Microsoft\jdk-17.0.14.7-hotspot\bin\jimage.dll
0x00007ffd77720000 - 0x00007ffd77961000 	C:\WINDOWS\SYSTEM32\DBGHELP.DLL
0x00007ffd7c720000 - 0x00007ffd7caa4000 	C:\WINDOWS\System32\combase.dll
0x00007ffd7ac80000 - 0x00007ffd7ad60000 	C:\WINDOWS\System32\OLEAUT32.dll
0x00007ffd4b110000 - 0x00007ffd4b149000 	C:\WINDOWS\SYSTEM32\dbgcore.DLL
0x00007ffd7a560000 - 0x00007ffd7a5f9000 	C:\WINDOWS\System32\bcryptPrimitives.dll
0x00007ffd72200000 - 0x00007ffd7220e000 	C:\Program Files\Microsoft\jdk-17.0.14.7-hotspot\bin\instrument.dll
0x00007ffd65060000 - 0x00007ffd65085000 	C:\Program Files\Microsoft\jdk-17.0.14.7-hotspot\bin\java.dll
0x00007ffcaab50000 - 0x00007ffcaac27000 	C:\Program Files\Microsoft\jdk-17.0.14.7-hotspot\bin\jsvml.dll
0x00007ffd7bf10000 - 0x00007ffd7c63d000 	C:\WINDOWS\System32\SHELL32.dll
0x00007ffd7a350000 - 0x00007ffd7a4c4000 	C:\WINDOWS\System32\wintypes.dll
0x00007ffd77cd0000 - 0x00007ffd78526000 	C:\WINDOWS\SYSTEM32\windows.storage.dll
0x00007ffd7cd80000 - 0x00007ffd7ce6f000 	C:\WINDOWS\System32\SHCORE.dll
0x00007ffd7b8e0000 - 0x00007ffd7b949000 	C:\WINDOWS\System32\shlwapi.dll
0x00007ffd79f60000 - 0x00007ffd79f8f000 	C:\WINDOWS\SYSTEM32\profapi.dll
0x00007ffd448c0000 - 0x00007ffd448d8000 	C:\Program Files\Microsoft\jdk-17.0.14.7-hotspot\bin\zip.dll
0x00007ffd61430000 - 0x00007ffd6144a000 	C:\Program Files\Microsoft\jdk-17.0.14.7-hotspot\bin\net.dll
0x00007ffd70400000 - 0x00007ffd7051e000 	C:\WINDOWS\SYSTEM32\WINHTTP.dll
0x00007ffd794a0000 - 0x00007ffd7950a000 	C:\WINDOWS\system32\mswsock.dll
0x00007ffd4aec0000 - 0x00007ffd4aed6000 	C:\Program Files\Microsoft\jdk-17.0.14.7-hotspot\bin\nio.dll
0x00007ffd5a240000 - 0x00007ffd5a250000 	C:\Program Files\Microsoft\jdk-17.0.14.7-hotspot\bin\verify.dll
0x00007ffd44f10000 - 0x00007ffd44f37000 	C:\Users\Nico\.gradle\native\1def1411415f61bf3af743bc5b6707747c0891f09f0c88961ee8f79bc544acac\windows-amd64\native-platform.dll
0x00007ffd371d0000 - 0x00007ffd37248000 	C:\Users\Nico\.gradle\native\0.2.7\x86_64-windows-gnu\gradle-fileevents.dll
0x00007ffd59b10000 - 0x00007ffd59b1a000 	C:\Program Files\Microsoft\jdk-17.0.14.7-hotspot\bin\management.dll
0x00007ffd448b0000 - 0x00007ffd448bb000 	C:\Program Files\Microsoft\jdk-17.0.14.7-hotspot\bin\management_ext.dll
0x00007ffd7b950000 - 0x00007ffd7b958000 	C:\WINDOWS\System32\PSAPI.DLL
0x00007ffd788e0000 - 0x00007ffd78913000 	C:\WINDOWS\SYSTEM32\IPHLPAPI.DLL
0x00007ffd7cb70000 - 0x00007ffd7cb7a000 	C:\WINDOWS\System32\NSI.dll
0x00007ffd703d0000 - 0x00007ffd703ef000 	C:\WINDOWS\SYSTEM32\dhcpcsvc6.DLL
0x00007ffd703a0000 - 0x00007ffd703c5000 	C:\WINDOWS\SYSTEM32\dhcpcsvc.DLL
0x00007ffd78980000 - 0x00007ffd78aa7000 	C:\WINDOWS\SYSTEM32\DNSAPI.dll
0x00007ffd3a580000 - 0x00007ffd3a589000 	C:\Program Files\Microsoft\jdk-17.0.14.7-hotspot\bin\extnet.dll
0x00007ffd79750000 - 0x00007ffd7976c000 	C:\WINDOWS\SYSTEM32\CRYPTSP.dll
0x00007ffd78e90000 - 0x00007ffd78eca000 	C:\WINDOWS\system32\rsaenh.dll
0x00007ffd79540000 - 0x00007ffd7956b000 	C:\WINDOWS\SYSTEM32\USERENV.dll
0x00007ffd79f30000 - 0x00007ffd79f56000 	C:\WINDOWS\SYSTEM32\bcrypt.dll
0x00007ffd79740000 - 0x00007ffd7974c000 	C:\WINDOWS\SYSTEM32\CRYPTBASE.dll
0x00007ffd67d60000 - 0x00007ffd67d6e000 	C:\Program Files\Microsoft\jdk-17.0.14.7-hotspot\bin\sunmscapi.dll
0x00007ffd7a050000 - 0x00007ffd7a1c7000 	C:\WINDOWS\System32\CRYPT32.dll
0x00007ffd79950000 - 0x00007ffd79980000 	C:\WINDOWS\SYSTEM32\ncrypt.dll
0x00007ffd79900000 - 0x00007ffd7993f000 	C:\WINDOWS\SYSTEM32\NTASN1.dll
0x00007ffd602d0000 - 0x00007ffd602d8000 	C:\WINDOWS\system32\wshunix.dll
0x00007ffd4b080000 - 0x00007ffd4b098000 	C:\WINDOWS\system32\napinsp.dll
0x00007ffd4a850000 - 0x00007ffd4a862000 	C:\WINDOWS\System32\winrnr.dll
0x00007ffd4a820000 - 0x00007ffd4a840000 	C:\WINDOWS\system32\wshbth.dll
0x00007ffd4a5c0000 - 0x00007ffd4a5f0000 	C:\WINDOWS\system32\nlansp_c.dll
0x00007ffd67e60000 - 0x00007ffd67e6b000 	C:\Windows\System32\rasadhlp.dll
0x00007ffd6fb90000 - 0x00007ffd6fc16000 	C:\WINDOWS\System32\fwpuclnt.dll
0x00007ffd72770000 - 0x00007ffd72777000 	C:\Program Files\Microsoft\jdk-17.0.14.7-hotspot\bin\rmi.dll
0x00007ffd79050000 - 0x00007ffd79085000 	C:\WINDOWS\SYSTEM32\ntmarta.dll

dbghelp: loaded successfully - version: 4.0.5 - missing functions: none
symbol engine: initialized successfully - sym options: 0x614 - pdb path: .;C:\Program Files\Microsoft\jdk-17.0.14.7-hotspot\bin;C:\WINDOWS\SYSTEM32;C:\WINDOWS\WinSxS\amd64_microsoft.windows.common-controls_6595b64144ccf1df_6.0.26100.3912_none_3e07963ce335137e;C:\Program Files\Microsoft\jdk-17.0.14.7-hotspot\bin\server;C:\Users\Nico\.gradle\native\1def1411415f61bf3af743bc5b6707747c0891f09f0c88961ee8f79bc544acac\windows-amd64;C:\Users\Nico\.gradle\native\0.2.7\x86_64-windows-gnu

VM Arguments:
jvm_args: --add-opens=java.base/java.lang=ALL-UNNAMED --add-opens=java.base/java.lang.invoke=ALL-UNNAMED --add-opens=java.base/java.util=ALL-UNNAMED --add-opens=java.prefs/java.util.prefs=ALL-UNNAMED --add-exports=jdk.compiler/com.sun.tools.javac.api=ALL-UNNAMED --add-exports=jdk.compiler/com.sun.tools.javac.util=ALL-UNNAMED --add-opens=java.base/java.util=ALL-UNNAMED --add-opens=java.prefs/java.util.prefs=ALL-UNNAMED --add-opens=java.base/java.nio.charset=ALL-UNNAMED --add-opens=java.base/java.net=ALL-UNNAMED --add-opens=java.base/java.util.concurrent.atomic=ALL-UNNAMED --add-opens=java.xml/javax.xml.namespace=ALL-UNNAMED -XX:MaxMetaspaceSize=512m -Xmx2048m -Dfile.encoding=windows-1252 -Duser.country=PH -Duser.language=en -Duser.variant -javaagent:C:\Users\Nico\.gradle\wrapper\dists\gradle-8.13-bin\5xuhj0ry160q40clulazy9h7d\gradle-8.13\lib\agents\gradle-instrumentation-agent-8.13.jar 
java_command: org.gradle.launcher.daemon.bootstrap.GradleDaemon 8.13
java_class_path (initial): C:\Users\Nico\.gradle\wrapper\dists\gradle-8.13-bin\5xuhj0ry160q40clulazy9h7d\gradle-8.13\lib\gradle-daemon-main-8.13.jar
Launcher Type: SUN_STANDARD

[Global flags]
     intx CICompilerCount                          = 4                                         {product} {ergonomic}
   size_t CompressedClassSpaceSize                 = 436207616                                 {product} {ergonomic}
     uint ConcGCThreads                            = 3                                         {product} {ergonomic}
     uint G1ConcRefinementThreads                  = 10                                        {product} {ergonomic}
   size_t G1HeapRegionSize                         = 1048576                                   {product} {ergonomic}
    uintx GCDrainStackTargetSize                   = 64                                        {product} {ergonomic}
   size_t InitialHeapSize                          = 130023424                                 {product} {ergonomic}
   size_t MarkStackSize                            = 4194304                                   {product} {ergonomic}
   size_t MaxHeapSize                              = 2147483648                                {product} {command line}
   size_t MaxMetaspaceSize                         = 536870912                                 {product} {command line}
   size_t MaxNewSize                               = 1287651328                                {product} {ergonomic}
   size_t MinHeapDeltaBytes                        = 1048576                                   {product} {ergonomic}
   size_t MinHeapSize                              = 8388608                                   {product} {ergonomic}
    uintx NonNMethodCodeHeapSize                   = 5839372                                {pd product} {ergonomic}
    uintx NonProfiledCodeHeapSize                  = 122909434                              {pd product} {ergonomic}
    uintx ProfiledCodeHeapSize                     = 122909434                              {pd product} {ergonomic}
    uintx ReservedCodeCacheSize                    = 251658240                              {pd product} {ergonomic}
     bool SegmentedCodeCache                       = true                                      {product} {ergonomic}
   size_t SoftMaxHeapSize                          = 2147483648                             {manageable} {ergonomic}
     bool UseCompressedClassPointers               = true                           {product lp64_product} {ergonomic}
     bool UseCompressedOops                        = true                           {product lp64_product} {ergonomic}
     bool UseG1GC                                  = true                                      {product} {ergonomic}
     bool UseLargePagesIndividualAllocation        = false                                  {pd product} {ergonomic}

Logging:
Log output configuration:
 #0: stdout all=warning uptime,level,tags
 #1: stderr all=off uptime,level,tags

Environment Variables:
JAVA_HOME=C:\Program Files\Microsoft\jdk-17.0.14.7-hotspot\
CLASSPATH=C:\Users\Nico\Documents\SOFTENG24_05\VIBRO\android\\gradle\wrapper\gradle-wrapper.jar
PATH=C:\Users\Nico\Documents\SOFTENG24_05\VIBRO\node_modules\.bin;C:\Users\Nico\Documents\SOFTENG24_05\node_modules\.bin;C:\Users\Nico\Documents\node_modules\.bin;C:\Users\Nico\node_modules\.bin;C:\Users\node_modules\.bin;C:\node_modules\.bin;C:\Users\Nico\AppData\Local\nvm\v18.20.8\node_modules\npm\node_modules\@npmcli\run-script\lib\node-gyp-bin;C:\Users\Nico\anaconda3;C:\Users\Nico\anaconda3\Library\mingw-w64\bin;C:\Users\Nico\anaconda3\Library\usr\bin;C:\Users\Nico\anaconda3\Library\bin;C:\Users\Nico\anaconda3\Scripts;C:\Users\Nico\anaconda3\bin;C:\Users\Nico\anaconda3\condabin;C:\Program Files\NVIDIA GPU Computing Toolkit\CUDA\v12.6\bin;C:\Program Files\NVIDIA GPU Computing Toolkit\CUDA\v12.6\libnvvp;C:\Program Files\Microsoft\jdk-17.0.14.7-hotspot\bin;C:\Program Files\Common Files\Oracle\Java\javapath;C:\Windows\system32;C:\Windows;C:\Windows\System32\Wbem;C:\Windows\System32\WindowsPowerShell\v1.0;C:\Windows\System32\OpenSSH;C:\Program Files (x86)\NVIDIA Corporation\PhysX\Common;C:\Program Files\NVIDIA Corporation\NVIDIA NvDLISR;C:\WINDOWS\system32;C:\WINDOWS;C:\WINDOWS\System32\Wbem;C:\WINDOWS\System32\WindowsPowerShell\v1.0;C:\WINDOWS\System32\OpenSSH;C:\Program Files\Git\cmd;C:\Program Files\Microsoft\jdk-17.0.14.7-hotspot\bin;C:\ProgramData\chocolatey\bin;C:\Users\Nico\AppData\Local\nvm;C:\nvm4w\nodejs;C:\Program Files\nodejs;C:\Program Files (x86)\Windows Kits\10\Windows Performance Toolkit;C:\Program Files\NVIDIA Corporation\Nsight Compute 2024.3.0;C:\Users\Nico\anaconda3\Scripts;C:\Users\Nico\anaconda3;C:\Windows\system32;C:\Windows;C:\Windows\System32\Wbem;C:\Windows\System32\WindowsPowerShell\v1.0;C:\Windows\System32\OpenSSH;C:\Program Files (x86)\NVIDIA Corporation\PhysX\Common;C:\Program Files\NVIDIA Corporation\NVIDIA NvDLISR;C:\WINDOWS\system32;C:\WINDOWS;C:\WINDOWS\System32\Wbem;C:\WINDOWS\System32\WindowsPowerShell\v1.0;C:\WINDOWS\System32\OpenSSH;C:\Program Files\Git\cmd;C:\Users\Nico\AppData\Local\Programs\Python\Python310\Scripts;C:\Users\Nico\AppData\Local\Programs\Python\Python310;C:\Users\Nico\AppData\Local\Microsoft\WindowsApps;C:\Users\Nico\AppData\Local\Programs\Microsoft VS Code\bin;C:\Program Files\JetBrains\WebStorm 2024.3.5\bin;C:\Users\Nico\AppData\Local\Android\Sdk\platform-tools;C:\Users\Nico\AppData\Local\Android\Sdk\emulator;C:\Users\Nico\AppData\Local\Android\Sdk\tools;C:\Program Files\Microsoft\jdk-17.0.14.7-hotspot\bin;C:\Users\Nico\AppData\Local\nvm;C:\nvm4w\nodejs;C:\Users\Nico\AppData\Local\Android\Sdk\platform-tools;C:\Users\Nico\AppData\Roaming\npm;C:\dev\flutter\bin;C:\Users\Nico\AppData\Local\JetBrains\IntelliJ IDEA 2024.3.5\bin;.;C:\Program Files\JetBrains\IntelliJ IDEA Community Edition 2024.2.5\bin;.;C:\Users\Nico\AppData\Local\Google\Cloud SDK\google-cloud-sdk\bin;C:\Users\Nico\anaconda3;C:\Users\Nico\anaconda3\Scripts;c:\Users\Nico\.vscode\extensions\ms-python.debugpy-2025.8.0-win32-x64\bundled\scripts\noConfigScripts;c:\Users\Nico\AppData\Roaming\Code\User\globalStorage\github.copilot-chat\debugCommand
USERNAME=Nico
LANG=en_US.UTF-8
OS=Windows_NT
PROCESSOR_IDENTIFIER=Intel64 Family 6 Model 186 Stepping 2, GenuineIntel
TMP=C:\Users\Nico\AppData\Local\Temp
TEMP=C:\Users\Nico\AppData\Local\Temp



Periodic native trim disabled


---------------  S Y S T E M  ---------------

OS:
 Windows 11 , 64 bit Build 26100 (10.0.26100.3912)
OS uptime: 0 days 17:15 hours
Hyper-V role detected

CPU: total 12 (initial active 12) (6 cores per cpu, 2 threads per core) family 6 model 186 stepping 2 microcode 0x4112, cx8, cmov, fxsr, ht, mmx, 3dnowpref, sse, sse2, sse3, ssse3, sse4.1, sse4.2, popcnt, lzcnt, tsc, tscinvbit, avx, avx2, aes, erms, clmul, bmi1, bmi2, adx, sha, fma, vzeroupper, clflush, clflushopt, clwb, hv
Processor Information for processor 0
  Max Mhz: 2100, Current Mhz: 2100, Mhz Limit: 2100
Processor Information for processor 1
  Max Mhz: 2100, Current Mhz: 2100, Mhz Limit: 2100
Processor Information for processor 2
  Max Mhz: 2100, Current Mhz: 2100, Mhz Limit: 2100
Processor Information for processor 3
  Max Mhz: 2100, Current Mhz: 2100, Mhz Limit: 2100
Processor Information for processor 4
  Max Mhz: 2100, Current Mhz: 2100, Mhz Limit: 2100
Processor Information for processor 5
  Max Mhz: 2100, Current Mhz: 2100, Mhz Limit: 2100
Processor Information for processor 6
  Max Mhz: 2100, Current Mhz: 2100, Mhz Limit: 2100
Processor Information for processor 7
  Max Mhz: 2100, Current Mhz: 2100, Mhz Limit: 2100
Processor Information for processor 8
  Max Mhz: 2100, Current Mhz: 1500, Mhz Limit: 1491
Processor Information for processor 9
  Max Mhz: 2100, Current Mhz: 1500, Mhz Limit: 1491
Processor Information for processor 10
  Max Mhz: 2100, Current Mhz: 1500, Mhz Limit: 1491
Processor Information for processor 11
  Max Mhz: 2100, Current Mhz: 1500, Mhz Limit: 1491

Memory: 4k page, system-wide physical 7895M (341M free)
TotalPageFile size 32471M (AvailPageFile size 20M)
current process WorkingSet (physical memory assigned to process): 491M, peak: 615M
current process commit charge ("private bytes"): 1052M, peak: 1054M

vm_info: OpenJDK 64-Bit Server VM (17.0.14+7-LTS) for windows-amd64 JRE (17.0.14+7-LTS), built on Jan  8 2025 23:39:28 by "MicrosoftCorporation" with unknown MS VC++:1939

END.
